Country of Citizenship,Continent,Region,# of Active Students,Male,Female,ASSOCIATE,BACHELOR'S,DOCTORATE,FLIGHT TRAINING,HIGH SCHOOL,LANGUAGE TRAINING,MASTER'S,OTHER,OTHER VOCATIONAL SCHOOL,PRIMARY,SECONDARY,AK,AL,AR,AZ,CA,CO,CT,DC,DE,FL,GA,GU,HI,IA,ID,IL,IN,KS,KY,LA,MA,MD,ME,MI,MN,MO,MP,MS,MT,NC,ND,NE,NH,NJ,NM,NV,NY,OH,OK,OR,PA,PR,RI,SC,SD,TN,TX,UT,VA,VI,VT,WA,WI,WV,WY
AFGHANISTAN,Asia,Southern Asia,398.0,228.0,170.0,29.0,196.0,37.0,3.0,0.0,15.0,47.0,8.0,0.0,9.0,54.0,1.0,2.0,0.0,7.0,39.0,4.0,8.0,9.0,0.0,10.0,6.0,0.0,0.0,12.0,2.0,6.0,9.0,5.0,11.0,1.0,37.0,5.0,8.0,4.0,11.0,6.0,0.0,0.0,1.0,15.0,1.0,2.0,3.0,7.0,3.0,1.0,32.0,15.0,4.0,2.0,30.0,0.0,3.0,4.0,2.0,0.0,22.0,3.0,29.0,0.0,10.0,0.0,6.0,0.0,0.0
ALBANIA,Europe,Southern Europe,918.0,438.0,480.0,202.0,370.0,94.0,0.0,0.0,71.0,119.0,24.0,2.0,0.0,36.0,0.0,1.0,3.0,7.0,34.0,8.0,23.0,7.0,5.0,46.0,8.0,0.0,0.0,7.0,9.0,43.0,12.0,2.0,3.0,0.0,121.0,8.0,4.0,67.0,14.0,12.0,0.0,6.0,2.0,10.0,0.0,2.0,6.0,44.0,3.0,2.0,190.0,18.0,3.0,4.0,60.0,0.0,6.0,2.0,0.0,3.0,53.0,8.0,20.0,0.0,2.0,17.0,8.0,4.0,1.0
ALGERIA,Africa,Northern Africa,397.0,314.0,83.0,49.0,48.0,21.0,47.0,0.0,132.0,63.0,25.0,1.0,1.0,10.0,0.0,0.0,0.0,38.0,51.0,4.0,1.0,3.0,1.0,18.0,3.0,0.0,0.0,9.0,0.0,17.0,4.0,3.0,0.0,0.0,27.0,3.0,1.0,2.0,2.0,3.0,0.0,2.0,0.0,3.0,0.0,1.0,0.0,8.0,0.0,0.0,114.0,1.0,1.0,0.0,15.0,0.0,1.0,1.0,1.0,1.0,29.0,1.0,21.0,0.0,1.0,2.0,2.0,1.0,1.0
ANDORRA,Europe,Southern Europe,15.0,8.0,7.0,0.0,4.0,0.0,0.0,0.0,0.0,4.0,1.0,1.0,0.0,5.0,0.0,0.0,0.0,0.0,2.0,0.0,0.0,1.0,0.0,0.0,0.0,0.0,0.0,0.0,0.0,0.0,0.0,0.0,0.0,0.0,2.0,0.0,1.0,0.0,0.0,1.0,0.0,1.0,0.0,2.0,0.0,0.0,0.0,0.0,0.0,0.0,2.0,0.0,0.0,0.0,1.0,0.0,0.0,0.0,0.0,0.0,1.0,0.0,0.0,0.0,1.0,0.0,0.0,0.0,0.0
ANGOLA,Africa,Central Africa,1647.0,948.0,698.0,443.0,764.0,5.0,3.0,0.0,238.0,82.0,17.0,2.0,6.0,87.0,0.0,0.0,2.0,44.0,60.0,57.0,5.0,18.0,0.0,148.0,34.0,0.0,0.0,5.0,1.0,26.0,46.0,6.0,6.0,31.0,45.0,19.0,0.0,35.0,3.0,6.0,0.0,1.0,3.0,24.0,21.0,0.0,0.0,4.0,0.0,0.0,60.0,5.0,107.0,4.0,30.0,0.0,0.0,30.0,1.0,7.0,700.0,3.0,37.0,0.0,0.0,7.0,1.0,4.0,1.0
ANGUILLA,North America,Caribbean,19.0,7.0,12.0,4.0,14.0,1.0,0.0,0.0,0.0,0.0,0.0,0.0,0.0,0.0,0.0,2.0,1.0,0.0,0.0,0.0,0.0,0.0,0.0,4.0,0.0,0.0,0.0,0.0,0.0,0.0,0.0,1.0,0.0,0.0,3.0,1.0,0.0,0.0,0.0,0.0,0.0,0.0,0.0,0.0,0.0,0.0,0.0,0.0,0.0,0.0,2.0,0.0,0.0,0.0,0.0,0.0,1.0,0.0,0.0,0.0,1.0,0.0,1.0,2.0,0.0,0.0,0.0,0.0,0.0
ANTIGUA AND BARBUDA,North America,Caribbean,270.0,122.0,148.0,34.0,175.0,8.0,2.0,0.0,0.0,38.0,2.0,4.0,3.0,4.0,0.0,3.0,1.0,0.0,1.0,0.0,2.0,8.0,1.0,46.0,7.0,0.0,0.0,5.0,1.0,7.0,2.0,1.0,1.0,2.0,5.0,5.0,1.0,5.0,3.0,8.0,0.0,1.0,0.0,5.0,0.0,0.0,0.0,2.0,0.0,0.0,74.0,1.0,0.0,1.0,2.0,1.0,0.0,1.0,0.0,1.0,57.0,0.0,3.0,3.0,0.0,0.0,2.0,0.0,1.0
ARGENTINA,South America,South America,2403.0,1324.0,1079.0,181.0,754.0,356.0,7.0,1.0,355.0,529.0,145.0,23.0,7.0,45.0,0.0,36.0,8.0,9.0,303.0,21.0,25.0,44.0,1.0,343.0,55.0,0.0,6.0,21.0,7.0,97.0,23.0,7.0,6.0,12.0,205.0,32.0,2.0,30.0,14.0,36.0,0.0,12.0,1.0,58.0,0.0,8.0,5.0,30.0,4.0,5.0,498.0,27.0,21.0,13.0,90.0,6.0,13.0,14.0,5.0,18.0,108.0,43.0,44.0,0.0,3.0,9.0,12.0,11.0,2.0
ARMENIA,Asia,Western Asia,250.0,128.0,122.0,19.0,62.0,59.0,1.0,0.0,13.0,77.0,10.0,2.0,0.0,7.0,0.0,1.0,0.0,1.0,61.0,2.0,2.0,4.0,0.0,3.0,1.0,0.0,2.0,5.0,0.0,16.0,2.0,2.0,2.0,1.0,24.0,3.0,0.0,13.0,2.0,3.0,0.0,2.0,0.0,4.0,1.0,2.0,0.0,3.0,4.0,2.0,26.0,4.0,2.0,1.0,16.0,0.0,2.0,1.0,0.0,2.0,6.0,12.0,3.0,0.0,3.0,2.0,1.0,0.0,1.0
ARUBA,North America,Caribbean,55.0,32.0,23.0,10.0,31.0,0.0,0.0,0.0,0.0,9.0,2.0,0.0,0.0,3.0,0.0,1.0,0.0,0.0,3.0,0.0,1.0,0.0,0.0,34.0,2.0,0.0,0.0,2.0,0.0,1.0,0.0,0.0,0.0,1.0,0.0,0.0,0.0,0.0,0.0,0.0,0.0,0.0,0.0,1.0,0.0,0.0,0.0,0.0,0.0,1.0,3.0,1.0,1.0,0.0,0.0,1.0,0.0,0.0,0.0,0.0,1.0,0.0,0.0,0.0,0.0,1.0,0.0,0.0,0.0
AUSTRALIA,Australia & Pacific Islands,Oceania,4539.0,2636.0,1901.0,478.0,2226.0,408.0,18.0,3.0,3.0,720.0,313.0,150.0,19.0,201.0,4.0,40.0,20.0,47.0,836.0,68.0,85.0,49.0,4.0,127.0,74.0,0.0,34.0,73.0,25.0,148.0,49.0,52.0,42.0,34.0,367.0,53.0,8.0,58.0,43.0,86.0,0.0,24.0,23.0,102.0,27.0,29.0,19.0,98.0,20.0,17.0,768.0,55.0,69.0,42.0,173.0,0.0,28.0,62.0,22.0,63.0,194.0,58.0,56.0,0.0,15.0,62.0,31.0,42.0,14.0
AUSTRIA,Europe,Western Europe,901.0,477.0,424.0,58.0,294.0,141.0,14.0,0.0,39.0,162.0,74.0,25.0,6.0,88.0,1.0,4.0,2.0,12.0,158.0,17.0,20.0,16.0,0.0,73.0,9.0,0.0,17.0,5.0,1.0,29.0,9.0,3.0,3.0,6.0,92.0,13.0,6.0,8.0,2.0,10.0,0.0,2.0,1.0,17.0,0.0,4.0,2.0,23.0,4.0,2.0,179.0,10.0,4.0,16.0,26.0,1.0,13.0,5.0,0.0,7.0,26.0,7.0,17.0,0.0,5.0,7.0,4.0,3.0,0.0
AZERBAIJAN,Asia,Western Asia,477.0,359.0,118.0,32.0,162.0,41.0,0.0,1.0,53.0,135.0,26.0,3.0,3.0,21.0,0.0,2.0,2.0,3.0,66.0,5.0,8.0,22.0,2.0,23.0,3.0,0.0,0.0,3.0,0.0,28.0,3.0,5.0,2.0,2.0,50.0,4.0,3.0,5.0,6.0,30.0,0.0,1.0,0.0,3.0,2.0,0.0,5.0,12.0,3.0,0.0,66.0,6.0,4.0,0.0,14.0,0.0,6.0,1.0,0.0,0.0,37.0,2.0,30.0,0.0,2.0,4.0,0.0,0.0,2.0
"BAHAMAS, THE",North America,Caribbean,2976.0,1448.0,1528.0,426.0,1900.0,98.0,10.0,3.0,2.0,260.0,24.0,19.0,10.0,224.0,1.0,75.0,145.0,5.0,27.0,8.0,25.0,22.0,2.0,923.0,182.0,0.0,0.0,16.0,3.0,30.0,40.0,54.0,14.0,42.0,34.0,45.0,7.0,45.0,83.0,46.0,0.0,27.0,0.0,105.0,20.0,20.0,3.0,21.0,10.0,2.0,112.0,43.0,133.0,2.0,54.0,2.0,36.0,23.0,12.0,137.0,189.0,2.0,82.0,0.0,7.0,8.0,16.0,33.0,3.0
BAHRAIN,Asia,Western Asia,497.0,347.0,150.0,48.0,316.0,15.0,7.0,0.0,16.0,58.0,16.0,2.0,0.0,19.0,0.0,11.0,0.0,8.0,53.0,8.0,10.0,11.0,0.0,49.0,9.0,0.0,0.0,3.0,2.0,13.0,21.0,2.0,3.0,2.0,104.0,3.0,1.0,20.0,5.0,4.0,0.0,2.0,0.0,3.0,0.0,1.0,0.0,3.0,1.0,0.0,31.0,7.0,1.0,5.0,17.0,0.0,3.0,1.0,1.0,6.0,38.0,1.0,19.0,0.0,1.0,6.0,1.0,7.0,0.0
BANGLADESH,Asia,Southern Asia,7737.0,5806.0,1929.0,764.0,1634.0,2433.0,2.0,0.0,273.0,2527.0,82.0,3.0,1.0,18.0,4.0,149.0,87.0,65.0,393.0,28.0,103.0,50.0,61.0,372.0,125.0,0.0,9.0,159.0,37.0,196.0,197.0,143.0,69.0,115.0,261.0,88.0,17.0,177.0,234.0,158.0,0.0,57.0,13.0,131.0,81.0,24.0,19.0,95.0,86.0,30.0,1203.0,300.0,106.0,47.0,209.0,1.0,7.0,111.0,82.0,152.0,1043.0,55.0,370.0,0.0,5.0,80.0,80.0,36.0,17.0
BARBADOS,North America,Caribbean,376.0,181.0,195.0,35.0,221.0,27.0,5.0,0.0,0.0,71.0,6.0,3.0,0.0,8.0,0.0,6.0,7.0,4.0,8.0,3.0,3.0,15.0,3.0,89.0,10.0,0.0,0.0,10.0,3.0,11.0,3.0,6.0,6.0,5.0,17.0,8.0,3.0,12.0,2.0,10.0,0.0,3.0,0.0,7.0,1.0,2.0,1.0,11.0,3.0,0.0,41.0,3.0,3.0,5.0,10.0,6.0,4.0,2.0,1.0,6.0,14.0,1.0,6.0,0.0,1.0,0.0,1.0,0.0,0.0
BASSAS DA INDIA,0,,1.0,1.0,0.0,1.0,0.0,0.0,0.0,0.0,0.0,0.0,0.0,0.0,0.0,0.0,0.0,0.0,0.0,0.0,0.0,0.0,0.0,0.0,0.0,0.0,0.0,0.0,0.0,0.0,0.0,0.0,0.0,0.0,0.0,0.0,0.0,0.0,0.0,0.0,0.0,0.0,0.0,0.0,0.0,0.0,0.0,0.0,0.0,0.0,0.0,0.0,1.0,0.0,0.0,0.0,0.0,0.0,0.0,0.0,0.0,0.0,0.0,0.0,0.0,0.0,0.0,0.0,0.0,0.0,0.0
BELARUS,Europe,Eastern Europe,398.0,147.0,251.0,44.0,136.0,73.0,0.0,0.0,52.0,52.0,19.0,0.0,1.0,21.0,1.0,4.0,1.0,4.0,30.0,10.0,3.0,1.0,4.0,18.0,13.0,0.0,1.0,4.0,1.0,21.0,3.0,4.0,2.0,2.0,18.0,3.0,1.0,8.0,11.0,9.0,0.0,0.0,0.0,18.0,0.0,1.0,0.0,13.0,1.0,0.0,97.0,4.0,5.0,2.0,22.0,0.0,1.0,4.0,0.0,3.0,24.0,5.0,11.0,0.0,1.0,1.0,6.0,1.0,1.0
BELGIUM,Europe,Western Europe,1342.0,732.0,610.0,128.0,417.0,128.0,55.0,0.0,261.0,215.0,59.0,23.0,3.0,53.0,1.0,6.0,8.0,55.0,334.0,10.0,12.0,11.0,3.0,90.0,20.0,0.0,5.0,7.0,3.0,42.0,12.0,8.0,4.0,5.0,131.0,21.0,3.0,26.0,13.0,12.0,0.0,4.0,2.0,32.0,1.0,4.0,3.0,15.0,6.0,5.0,214.0,12.0,10.0,5.0,36.0,1.0,6.0,10.0,1.0,14.0,40.0,5.0,21.0,0.0,4.0,24.0,14.0,10.0,1.0
BELIZE,North America,Central America,361.0,162.0,199.0,51.0,201.0,30.0,1.0,0.0,5.0,54.0,7.0,4.0,0.0,8.0,0.0,5.0,12.0,0.0,41.0,1.0,1.0,1.0,0.0,69.0,22.0,0.0,0.0,3.0,2.0,6.0,0.0,3.0,36.0,7.0,10.0,2.0,0.0,5.0,3.0,18.0,0.0,2.0,0.0,7.0,0.0,0.0,0.0,4.0,7.0,0.0,19.0,3.0,5.0,1.0,3.0,0.0,2.0,1.0,0.0,1.0,38.0,2.0,5.0,1.0,0.0,6.0,4.0,3.0,0.0
BENIN,Africa,Western Africa,373.0,227.0,146.0,111.0,118.0,23.0,0.0,0.0,67.0,40.0,6.0,0.0,0.0,8.0,0.0,8.0,3.0,2.0,14.0,1.0,1.0,10.0,0.0,8.0,9.0,0.0,0.0,5.0,0.0,37.0,7.0,8.0,1.0,3.0,21.0,9.0,2.0,6.0,9.0,10.0,0.0,0.0,0.0,14.0,3.0,24.0,1.0,10.0,1.0,0.0,47.0,4.0,8.0,3.0,18.0,0.0,0.0,0.0,1.0,0.0,42.0,1.0,17.0,0.0,0.0,1.0,2.0,1.0,1.0
BERMUDA,North America,Northern America,595.0,294.0,301.0,59.0,355.0,6.0,1.0,2.0,0.0,47.0,9.0,8.0,9.0,99.0,0.0,46.0,0.0,3.0,16.0,3.0,27.0,5.0,1.0,106.0,54.0,0.0,0.0,2.0,3.0,3.0,4.0,0.0,0.0,0.0,49.0,3.0,20.0,6.0,4.0,4.0,0.0,0.0,0.0,23.0,0.0,4.0,5.0,10.0,0.0,1.0,33.0,5.0,3.0,0.0,27.0,1.0,56.0,13.0,0.0,11.0,7.0,7.0,10.0,0.0,13.0,1.0,0.0,5.0,1.0
BHUTAN,Asia,Southern Asia,157.0,77.0,80.0,13.0,97.0,3.0,8.0,0.0,2.0,26.0,1.0,0.0,0.0,7.0,0.0,0.0,0.0,0.0,8.0,1.0,2.0,2.0,0.0,7.0,0.0,0.0,1.0,1.0,0.0,6.0,0.0,1.0,0.0,0.0,20.0,1.0,2.0,2.0,3.0,9.0,0.0,0.0,0.0,1.0,0.0,0.0,2.0,0.0,0.0,0.0,24.0,7.0,1.0,2.0,19.0,0.0,3.0,0.0,0.0,0.0,28.0,0.0,2.0,0.0,1.0,1.0,0.0,0.0,0.0
BOLIVIA,South America,South America,1240.0,623.0,617.0,163.0,647.0,64.0,6.0,0.0,158.0,137.0,31.0,7.0,3.0,24.0,0.0,8.0,122.0,7.0,76.0,9.0,6.0,26.0,0.0,175.0,26.0,0.0,1.0,11.0,8.0,31.0,35.0,23.0,7.0,29.0,51.0,17.0,3.0,12.0,13.0,34.0,0.0,2.0,0.0,17.0,1.0,4.0,1.0,10.0,12.0,1.0,68.0,20.0,27.0,4.0,29.0,8.0,4.0,7.0,4.0,5.0,152.0,46.0,70.0,0.0,3.0,5.0,6.0,4.0,0.0
BOSNIA AND HERZEGOVINA,Europe,Southern Europe,384.0,155.0,229.0,41.0,225.0,31.0,0.0,0.0,22.0,44.0,9.0,0.0,0.0,12.0,0.0,1.0,8.0,1.0,17.0,2.0,8.0,5.0,3.0,35.0,4.0,0.0,0.0,15.0,1.0,44.0,7.0,3.0,2.0,5.0,19.0,11.0,4.0,4.0,4.0,11.0,0.0,1.0,0.0,19.0,0.0,1.0,1.0,10.0,3.0,1.0,42.0,4.0,21.0,3.0,11.0,0.0,3.0,5.0,0.0,2.0,16.0,1.0,14.0,0.0,9.0,0.0,2.0,1.0,0.0
BOTSWANA,Africa,Southern Africa,205.0,87.0,118.0,14.0,97.0,30.0,0.0,0.0,1.0,41.0,7.0,4.0,0.0,11.0,0.0,1.0,2.0,1.0,20.0,1.0,5.0,6.0,0.0,9.0,1.0,0.0,0.0,5.0,1.0,5.0,4.0,2.0,1.0,1.0,21.0,2.0,0.0,11.0,2.0,8.0,0.0,1.0,0.0,2.0,0.0,2.0,0.0,3.0,2.0,0.0,11.0,22.0,9.0,2.0,8.0,0.0,1.0,0.0,3.0,3.0,14.0,0.0,8.0,0.0,2.0,1.0,2.0,0.0,0.0
BRAZIL,South America,South America,18873.0,9507.0,9365.0,2326.0,5217.0,1178.0,52.0,6.0,4764.0,2704.0,1403.0,133.0,100.0,990.0,1.0,100.0,75.0,89.0,3637.0,132.0,194.0,166.0,24.0,3930.0,338.0,0.0,47.0,158.0,90.0,944.0,202.0,205.0,129.0,92.0,1117.0,168.0,23.0,304.0,159.0,340.0,0.0,76.0,36.0,330.0,20.0,65.0,53.0,419.0,52.0,70.0,1898.0,210.0,176.0,121.0,417.0,11.0,43.0,118.0,23.0,162.0,792.0,534.0,251.0,0.0,17.0,128.0,94.0,81.0,12.0
BRITISH VIRGIN ISLANDS,North America,Caribbean,115.0,54.0,61.0,15.0,83.0,2.0,0.0,0.0,0.0,9.0,0.0,0.0,1.0,5.0,0.0,4.0,2.0,3.0,0.0,0.0,0.0,0.0,1.0,33.0,12.0,0.0,0.0,0.0,0.0,0.0,0.0,1.0,1.0,0.0,0.0,2.0,0.0,1.0,0.0,10.0,0.0,1.0,0.0,2.0,0.0,0.0,0.0,1.0,0.0,0.0,7.0,1.0,3.0,0.0,2.0,4.0,11.0,1.0,0.0,2.0,7.0,0.0,1.0,2.0,0.0,0.0,0.0,0.0,0.0
BRUNEI,Asia,South-Eastern Asia,52.0,30.0,22.0,4.0,32.0,3.0,0.0,0.0,0.0,8.0,4.0,0.0,0.0,1.0,0.0,0.0,0.0,2.0,9.0,1.0,1.0,4.0,0.0,4.0,1.0,0.0,0.0,1.0,0.0,3.0,1.0,0.0,0.0,0.0,2.0,0.0,0.0,0.0,3.0,0.0,0.0,0.0,1.0,0.0,0.0,0.0,0.0,1.0,0.0,0.0,11.0,2.0,0.0,0.0,1.0,0.0,0.0,0.0,0.0,0.0,0.0,0.0,1.0,0.0,0.0,3.0,0.0,0.0,0.0
BULGARIA,Europe,Eastern Europe,1220.0,531.0,689.0,136.0,416.0,238.0,1.0,0.0,108.0,226.0,62.0,12.0,1.0,20.0,0.0,2.0,2.0,7.0,131.0,17.0,20.0,10.0,13.0,61.0,17.0,0.0,8.0,8.0,0.0,168.0,14.0,5.0,2.0,11.0,147.0,27.0,7.0,16.0,9.0,22.0,0.0,2.0,4.0,23.0,0.0,2.0,2.0,42.0,2.0,12.0,172.0,19.0,8.0,3.0,66.0,0.0,12.0,11.0,0.0,7.0,38.0,10.0,36.0,0.0,2.0,10.0,7.0,4.0,2.0
BURKINA FASO,Africa,Western Africa,975.0,656.0,319.0,279.0,210.0,30.0,1.0,0.0,352.0,87.0,11.0,0.0,0.0,5.0,0.0,4.0,6.0,2.0,17.0,1.0,2.0,14.0,3.0,44.0,67.0,0.0,1.0,7.0,2.0,6.0,4.0,9.0,3.0,3.0,19.0,38.0,0.0,6.0,43.0,3.0,0.0,1.0,1.0,4.0,2.0,35.0,3.0,39.0,2.0,1.0,301.0,24.0,4.0,4.0,32.0,0.0,0.0,1.0,6.0,4.0,141.0,2.0,22.0,0.0,1.0,8.0,28.0,5.0,0.0
BURMA,Asia,South-Eastern Asia,1392.0,757.0,635.0,253.0,800.0,86.0,2.0,0.0,28.0,147.0,60.0,1.0,3.0,12.0,0.0,9.0,6.0,8.0,358.0,9.0,16.0,7.0,0.0,59.0,11.0,0.0,5.0,22.0,3.0,53.0,25.0,8.0,15.0,7.0,133.0,27.0,2.0,19.0,19.0,41.0,0.0,2.0,2.0,6.0,2.0,0.0,13.0,20.0,1.0,6.0,169.0,21.0,10.0,26.0,72.0,0.0,12.0,6.0,2.0,7.0,38.0,2.0,39.0,0.0,10.0,42.0,18.0,2.0,2.0
BURUNDI,Africa,Eastern Africa,197.0,107.0,90.0,33.0,113.0,4.0,1.0,0.0,6.0,25.0,6.0,0.0,0.0,9.0,0.0,1.0,2.0,6.0,14.0,3.0,3.0,1.0,0.0,3.0,8.0,0.0,0.0,12.0,2.0,6.0,7.0,1.0,3.0,2.0,8.0,8.0,1.0,2.0,27.0,1.0,0.0,1.0,0.0,4.0,1.0,0.0,0.0,1.0,1.0,0.0,15.0,1.0,12.0,0.0,11.0,0.0,0.0,0.0,0.0,0.0,15.0,4.0,2.0,0.0,1.0,3.0,4.0,0.0,0.0
CAMBODIA,Asia,South-Eastern Asia,622.0,347.0,275.0,205.0,208.0,22.0,5.0,0.0,24.0,80.0,23.0,1.0,12.0,42.0,0.0,2.0,1.0,4.0,199.0,5.0,2.0,2.0,0.0,13.0,4.0,0.0,5.0,23.0,2.0,8.0,7.0,1.0,6.0,3.0,66.0,7.0,2.0,5.0,21.0,4.0,0.0,0.0,1.0,10.0,1.0,0.0,0.0,5.0,0.0,1.0,33.0,13.0,8.0,17.0,29.0,0.0,8.0,1.0,1.0,0.0,41.0,9.0,11.0,0.0,2.0,38.0,1.0,0.0,0.0
CAMEROON,Africa,Central Africa,1509.0,740.0,768.0,358.0,549.0,153.0,0.0,0.0,81.0,313.0,30.0,1.0,0.0,24.0,0.0,16.0,30.0,11.0,65.0,10.0,5.0,34.0,8.0,49.0,58.0,0.0,7.0,17.0,5.0,41.0,7.0,20.0,9.0,51.0,58.0,101.0,3.0,28.0,59.0,16.0,0.0,20.0,1.0,22.0,16.0,9.0,0.0,31.0,29.0,4.0,77.0,36.0,136.0,4.0,38.0,0.0,4.0,7.0,5.0,13.0,252.0,9.0,36.0,0.0,3.0,15.0,18.0,12.0,4.0
CANADA,North America,Northern America,30646.0,15327.0,15314.0,1754.0,13906.0,5545.0,30.0,14.0,64.0,4965.0,2607.0,367.0,148.0,1246.0,63.0,173.0,68.0,414.0,3947.0,220.0,595.0,316.0,31.0,1198.0,366.0,2.0,130.0,281.0,244.0,1212.0,413.0,166.0,168.0,152.0,2571.0,362.0,309.0,2229.0,451.0,413.0,0.0,70.0,187.0,489.0,434.0,87.0,280.0,546.0,70.0,74.0,5727.0,544.0,254.0,418.0,1331.0,32.0,277.0,173.0,53.0,346.0,895.0,340.0,385.0,2.0,217.0,436.0,280.0,140.0,66.0
CAPE VERDE,Africa,Western Africa,111.0,63.0,48.0,28.0,40.0,1.0,2.0,0.0,17.0,20.0,0.0,0.0,2.0,1.0,0.0,0.0,0.0,0.0,2.0,0.0,2.0,0.0,0.0,7.0,0.0,0.0,0.0,0.0,0.0,12.0,0.0,0.0,0.0,0.0,61.0,1.0,0.0,4.0,0.0,0.0,0.0,0.0,0.0,0.0,0.0,0.0,1.0,2.0,0.0,0.0,3.0,5.0,0.0,0.0,0.0,0.0,4.0,0.0,0.0,1.0,0.0,4.0,0.0,0.0,1.0,0.0,0.0,0.0,1.0
CAYMAN ISLANDS,North America,Caribbean,224.0,93.0,131.0,11.0,160.0,2.0,1.0,1.0,1.0,16.0,2.0,4.0,3.0,23.0,0.0,0.0,0.0,1.0,6.0,1.0,1.0,1.0,0.0,98.0,24.0,0.0,0.0,0.0,0.0,3.0,3.0,5.0,0.0,1.0,2.0,3.0,0.0,11.0,0.0,0.0,0.0,0.0,0.0,8.0,0.0,1.0,0.0,0.0,0.0,1.0,17.0,2.0,3.0,0.0,4.0,0.0,6.0,5.0,0.0,4.0,6.0,2.0,3.0,0.0,1.0,0.0,1.0,0.0,0.0
CENTRAL AFRICAN REPUBLIC,Africa,Central Africa,20.0,15.0,5.0,6.0,7.0,0.0,0.0,0.0,3.0,4.0,0.0,0.0,0.0,0.0,0.0,0.0,0.0,0.0,0.0,1.0,0.0,4.0,0.0,1.0,2.0,0.0,0.0,0.0,0.0,0.0,0.0,0.0,0.0,0.0,0.0,3.0,0.0,0.0,1.0,1.0,0.0,0.0,0.0,0.0,0.0,0.0,0.0,1.0,0.0,0.0,2.0,0.0,1.0,0.0,0.0,0.0,0.0,0.0,0.0,0.0,2.0,0.0,0.0,0.0,0.0,1.0,0.0,0.0,0.0
CHAD,Africa,Central Africa,60.0,34.0,26.0,12.0,19.0,2.0,0.0,0.0,13.0,11.0,2.0,1.0,0.0,0.0,0.0,2.0,1.0,0.0,2.0,1.0,0.0,2.0,0.0,2.0,4.0,0.0,0.0,1.0,1.0,0.0,0.0,0.0,2.0,0.0,1.0,5.0,0.0,0.0,0.0,0.0,0.0,0.0,1.0,1.0,0.0,1.0,0.0,2.0,0.0,0.0,5.0,0.0,0.0,2.0,1.0,0.0,1.0,1.0,0.0,2.0,17.0,1.0,1.0,0.0,0.0,0.0,0.0,0.0,0.0
CHILE,South America,South America,2492.0,1561.0,930.0,144.0,496.0,390.0,17.0,0.0,626.0,575.0,134.0,14.0,17.0,79.0,0.0,26.0,13.0,20.0,451.0,22.0,18.0,21.0,4.0,178.0,27.0,3.0,24.0,13.0,31.0,119.0,32.0,11.0,15.0,9.0,227.0,40.0,6.0,25.0,18.0,59.0,0.0,8.0,4.0,54.0,4.0,3.0,3.0,23.0,6.0,7.0,405.0,35.0,10.0,18.0,66.0,7.0,11.0,18.0,1.0,24.0,106.0,147.0,31.0,0.0,10.0,23.0,47.0,5.0,4.0
CHINA,Asia,China,353069.0,182887.0,170090.0,15301.0,126426.0,47378.0,2396.0,10.0,11902.0,105130.0,8227.0,200.0,1895.0,34203.0,37.0,2785.0,993.0,7610.0,65351.0,3635.0,4810.0,3787.0,2460.0,9443.0,6632.0,26.0,519.0,5258.0,423.0,16485.0,10557.0,2832.0,1522.0,1716.0,22274.0,6066.0,1028.0,11797.0,4705.0,6663.0,218.0,521.0,224.0,5337.0,501.0,1895.0,1586.0,9263.0,529.0,892.0,42691.0,14638.0,2346.0,5999.0,20090.0,27.0,2057.0,1717.0,235.0,2144.0,14445.0,2173.0,6509.0,0.0,890.0,10662.0,5265.0,615.0,188.0
CHRISTMAS ISLAND,Australia & Pacific Islands,Oceania,1.0,0.0,1.0,0.0,1.0,0.0,0.0,0.0,0.0,0.0,0.0,0.0,0.0,0.0,0.0,0.0,0.0,0.0,0.0,0.0,0.0,0.0,0.0,0.0,0.0,0.0,0.0,0.0,0.0,0.0,0.0,0.0,0.0,0.0,0.0,0.0,0.0,0.0,0.0,0.0,0.0,0.0,0.0,0.0,0.0,0.0,0.0,0.0,0.0,0.0,0.0,0.0,0.0,0.0,1.0,0.0,0.0,0.0,0.0,0.0,0.0,0.0,0.0,0.0,0.0,0.0,0.0,0.0,0.0
COLOMBIA,South America,South America,10126.0,5024.0,5100.0,1107.0,2705.0,1205.0,258.0,3.0,2241.0,1913.0,375.0,51.0,30.0,238.0,3.0,71.0,36.0,54.0,794.0,107.0,100.0,178.0,44.0,1804.0,357.0,1.0,14.0,110.0,27.0,426.0,152.0,67.0,40.0,154.0,787.0,137.0,9.0,93.0,116.0,147.0,0.0,51.0,6.0,136.0,2.0,87.0,16.0,258.0,26.0,17.0,1336.0,129.0,104.0,47.0,240.0,286.0,23.0,83.0,8.0,75.0,755.0,184.0,192.0,1.0,7.0,98.0,87.0,40.0,4.0
COMOROS,Africa,Eastern Africa,6.0,3.0,3.0,2.0,1.0,2.0,0.0,0.0,0.0,0.0,0.0,0.0,0.0,1.0,0.0,0.0,0.0,0.0,0.0,0.0,0.0,0.0,0.0,1.0,0.0,0.0,0.0,0.0,0.0,0.0,0.0,0.0,0.0,0.0,1.0,0.0,0.0,0.0,0.0,0.0,0.0,0.0,0.0,0.0,0.0,2.0,0.0,0.0,0.0,0.0,0.0,1.0,0.0,0.0,1.0,0.0,0.0,0.0,0.0,0.0,0.0,0.0,0.0,0.0,0.0,0.0,0.0,0.0,0.0
CONGO (BRAZZAVILLE),Africa,Central Africa,321.0,171.0,150.0,126.0,94.0,4.0,1.0,0.0,64.0,28.0,1.0,1.0,0.0,2.0,0.0,1.0,0.0,2.0,20.0,9.0,1.0,7.0,1.0,13.0,10.0,0.0,0.0,5.0,1.0,13.0,5.0,2.0,1.0,2.0,13.0,8.0,0.0,4.0,10.0,5.0,0.0,0.0,0.0,21.0,4.0,3.0,0.0,10.0,0.0,0.0,44.0,0.0,7.0,3.0,14.0,0.0,0.0,0.0,2.0,3.0,62.0,2.0,5.0,0.0,1.0,5.0,1.0,1.0,0.0
CONGO (KINSHASA),Africa,Central Africa,1460.0,794.0,666.0,526.0,480.0,29.0,5.0,0.0,239.0,101.0,20.0,1.0,4.0,55.0,0.0,6.0,33.0,13.0,72.0,16.0,5.0,13.0,3.0,46.0,67.0,0.0,0.0,36.0,2.0,72.0,56.0,26.0,37.0,6.0,36.0,58.0,5.0,24.0,31.0,20.0,0.0,1.0,1.0,62.0,7.0,17.0,10.0,10.0,1.0,1.0,35.0,34.0,15.0,24.0,42.0,0.0,0.0,0.0,16.0,13.0,220.0,61.0,51.0,0.0,6.0,63.0,33.0,46.0,8.0
COSTA RICA,North America,Central America,1100.0,614.0,486.0,77.0,508.0,190.0,5.0,0.0,24.0,213.0,31.0,9.0,5.0,38.0,0.0,9.0,23.0,11.0,115.0,21.0,9.0,24.0,1.0,100.0,59.0,0.0,1.0,13.0,7.0,42.0,31.0,11.0,8.0,17.0,99.0,11.0,0.0,18.0,24.0,19.0,0.0,3.0,3.0,26.0,0.0,3.0,3.0,23.0,6.0,7.0,89.0,20.0,3.0,11.0,41.0,10.0,8.0,25.0,2.0,20.0,60.0,10.0,32.0,0.0,2.0,9.0,7.0,3.0,1.0
COTE D'IVOIRE,Africa,Western Africa,1572.0,815.0,755.0,383.0,720.0,36.0,0.0,0.0,171.0,214.0,23.0,0.0,8.0,17.0,1.0,36.0,86.0,4.0,80.0,5.0,4.0,28.0,8.0,34.0,107.0,1.0,0.0,3.0,3.0,13.0,56.0,17.0,6.0,25.0,48.0,45.0,2.0,10.0,75.0,17.0,0.0,2.0,0.0,25.0,12.0,31.0,2.0,45.0,2.0,2.0,85.0,10.0,97.0,10.0,38.0,0.0,1.0,2.0,0.0,12.0,397.0,9.0,35.0,0.0,0.0,11.0,19.0,6.0,5.0
CROATIA,Europe,Southern Europe,632.0,325.0,307.0,60.0,340.0,77.0,0.0,0.0,25.0,81.0,19.0,3.0,1.0,26.0,0.0,7.0,7.0,5.0,82.0,11.0,14.0,9.0,1.0,38.0,9.0,1.0,3.0,9.0,1.0,25.0,14.0,14.0,5.0,6.0,32.0,8.0,3.0,6.0,7.0,13.0,0.0,6.0,0.0,21.0,3.0,4.0,5.0,13.0,4.0,4.0,79.0,12.0,21.0,1.0,20.0,0.0,4.0,8.0,3.0,7.0,41.0,6.0,18.0,0.0,2.0,8.0,7.0,5.0,0.0
CUBA,North America,Caribbean,31.0,14.0,16.0,1.0,9.0,9.0,0.0,0.0,2.0,9.0,1.0,0.0,0.0,0.0,0.0,1.0,0.0,0.0,2.0,0.0,0.0,0.0,0.0,1.0,0.0,0.0,0.0,0.0,0.0,0.0,1.0,0.0,1.0,3.0,3.0,0.0,0.0,0.0,0.0,1.0,0.0,1.0,0.0,3.0,0.0,0.0,0.0,0.0,0.0,0.0,5.0,0.0,0.0,0.0,0.0,2.0,1.0,0.0,0.0,0.0,3.0,0.0,0.0,0.0,0.0,3.0,0.0,0.0,0.0
CURACAO,North America,Caribbean,166.0,110.0,56.0,89.0,34.0,0.0,3.0,0.0,1.0,1.0,2.0,0.0,1.0,35.0,0.0,0.0,1.0,0.0,3.0,0.0,0.0,0.0,0.0,79.0,7.0,0.0,0.0,2.0,0.0,1.0,0.0,4.0,0.0,0.0,1.0,1.0,0.0,0.0,4.0,18.0,0.0,1.0,0.0,0.0,0.0,1.0,0.0,0.0,0.0,0.0,33.0,1.0,2.0,0.0,0.0,2.0,0.0,0.0,0.0,0.0,2.0,0.0,0.0,0.0,0.0,0.0,1.0,2.0,0.0
CYPRUS,Asia,Western Asia,383.0,239.0,144.0,29.0,171.0,80.0,1.0,0.0,7.0,80.0,12.0,2.0,0.0,1.0,0.0,6.0,0.0,4.0,49.0,1.0,7.0,7.0,1.0,18.0,8.0,0.0,1.0,7.0,0.0,17.0,13.0,2.0,4.0,3.0,33.0,10.0,1.0,4.0,6.0,1.0,0.0,0.0,1.0,6.0,0.0,0.0,0.0,14.0,1.0,0.0,101.0,12.0,0.0,4.0,16.0,0.0,3.0,4.0,0.0,1.0,11.0,0.0,1.0,0.0,1.0,1.0,2.0,1.0,0.0
CZECH REPUBLIC,Europe,Eastern Europe,908.0,443.0,465.0,138.0,349.0,91.0,0.0,0.0,52.0,118.0,56.0,2.0,11.0,91.0,1.0,12.0,0.0,9.0,105.0,17.0,23.0,11.0,1.0,91.0,17.0,0.0,12.0,9.0,4.0,49.0,11.0,21.0,10.0,4.0,56.0,6.0,18.0,26.0,11.0,12.0,0.0,2.0,2.0,15.0,6.0,6.0,11.0,23.0,3.0,3.0,109.0,16.0,8.0,5.0,30.0,0.0,4.0,14.0,2.0,7.0,30.0,9.0,17.0,0.0,8.0,19.0,19.0,1.0,3.0
DENMARK,Europe,Northern Europe,1056.0,540.0,516.0,71.0,448.0,63.0,3.0,0.0,65.0,157.0,175.0,25.0,3.0,46.0,1.0,12.0,10.0,7.0,325.0,14.0,18.0,10.0,1.0,55.0,20.0,0.0,20.0,7.0,1.0,26.0,13.0,5.0,12.0,5.0,49.0,4.0,4.0,20.0,9.0,19.0,0.0,6.0,3.0,20.0,2.0,4.0,7.0,12.0,4.0,0.0,162.0,16.0,8.0,9.0,23.0,0.0,6.0,8.0,2.0,7.0,26.0,18.0,8.0,1.0,1.0,18.0,12.0,3.0,3.0
DJIBOUTI,Africa,Eastern Africa,10.0,3.0,7.0,0.0,5.0,1.0,0.0,0.0,3.0,1.0,0.0,0.0,0.0,0.0,0.0,0.0,0.0,0.0,0.0,0.0,0.0,1.0,0.0,3.0,0.0,0.0,0.0,0.0,0.0,0.0,0.0,0.0,0.0,0.0,0.0,0.0,0.0,0.0,1.0,0.0,0.0,0.0,0.0,0.0,0.0,0.0,0.0,1.0,0.0,0.0,2.0,0.0,0.0,0.0,0.0,0.0,0.0,0.0,0.0,0.0,2.0,0.0,0.0,0.0,0.0,0.0,0.0,0.0,0.0
DOMINICA,North America,Caribbean,347.0,99.0,248.0,26.0,231.0,18.0,2.0,0.0,0.0,55.0,3.0,0.0,2.0,10.0,0.0,2.0,11.0,0.0,6.0,1.0,3.0,1.0,1.0,37.0,5.0,0.0,0.0,3.0,0.0,1.0,0.0,1.0,0.0,54.0,3.0,7.0,1.0,1.0,5.0,0.0,0.0,1.0,0.0,3.0,0.0,0.0,0.0,7.0,0.0,0.0,58.0,4.0,5.0,1.0,4.0,0.0,0.0,2.0,1.0,2.0,94.0,0.0,7.0,14.0,0.0,1.0,0.0,0.0,0.0
DOMINICAN REPUBLIC,North America,Caribbean,1609.0,874.0,735.0,260.0,772.0,61.0,5.0,3.0,121.0,234.0,59.0,13.0,3.0,78.0,1.0,15.0,5.0,3.0,30.0,6.0,16.0,35.0,2.0,305.0,64.0,0.0,4.0,26.0,3.0,43.0,15.0,9.0,12.0,12.0,162.0,13.0,1.0,23.0,7.0,12.0,0.0,2.0,0.0,10.0,1.0,7.0,0.0,42.0,3.0,0.0,333.0,13.0,14.0,1.0,66.0,137.0,30.0,9.0,1.0,19.0,47.0,21.0,12.0,1.0,1.0,4.0,9.0,1.0,1.0
ECUADOR,South America,South America,3292.0,1809.0,1483.0,255.0,1547.0,254.0,103.0,0.0,362.0,528.0,183.0,16.0,5.0,39.0,0.0,10.0,7.0,28.0,246.0,25.0,20.0,66.0,6.0,603.0,103.0,0.0,4.0,38.0,17.0,166.0,175.0,23.0,15.0,60.0,238.0,24.0,4.0,24.0,45.0,72.0,0.0,13.0,4.0,51.0,2.0,11.0,5.0,82.0,31.0,5.0,383.0,34.0,25.0,15.0,144.0,15.0,33.0,7.0,8.0,19.0,179.0,67.0,62.0,0.0,6.0,37.0,22.0,12.0,1.0
EGYPT,Africa,Northern Africa,3397.0,2613.0,784.0,278.0,1121.0,882.0,84.0,1.0,181.0,634.0,131.0,6.0,8.0,71.0,0.0,31.0,15.0,55.0,424.0,24.0,59.0,41.0,3.0,273.0,62.0,0.0,3.0,97.0,6.0,113.0,93.0,37.0,33.0,37.0,226.0,62.0,6.0,96.0,74.0,45.0,0.0,15.0,3.0,56.0,8.0,23.0,11.0,62.0,17.0,12.0,379.0,140.0,26.0,16.0,151.0,0.0,5.0,7.0,13.0,21.0,253.0,11.0,133.0,0.0,9.0,48.0,38.0,12.0,13.0
EL SALVADOR,North America,Central America,1204.0,644.0,560.0,140.0,621.0,52.0,5.0,1.0,104.0,125.0,127.0,9.0,4.0,16.0,0.0,8.0,39.0,5.0,135.0,7.0,5.0,34.0,0.0,136.0,46.0,0.0,0.0,17.0,7.0,37.0,22.0,6.0,10.0,33.0,61.0,22.0,2.0,18.0,14.0,16.0,0.0,1.0,0.0,26.0,0.0,1.0,2.0,17.0,4.0,2.0,73.0,15.0,9.0,8.0,45.0,13.0,13.0,12.0,2.0,12.0,183.0,24.0,44.0,0.0,3.0,9.0,5.0,1.0,0.0
EQUATORIAL GUINEA,Africa,Central Africa,473.0,245.0,228.0,233.0,123.0,1.0,2.0,0.0,87.0,14.0,2.0,0.0,5.0,6.0,0.0,16.0,1.0,2.0,14.0,0.0,0.0,14.0,0.0,7.0,28.0,0.0,0.0,0.0,0.0,3.0,0.0,0.0,1.0,3.0,4.0,3.0,0.0,8.0,0.0,10.0,0.0,0.0,0.0,2.0,0.0,0.0,0.0,0.0,6.0,0.0,18.0,1.0,0.0,0.0,11.0,2.0,0.0,5.0,0.0,1.0,257.0,0.0,14.0,0.0,0.0,42.0,0.0,0.0,0.0
ERITREA,Africa,Eastern Africa,119.0,85.0,34.0,15.0,24.0,26.0,0.0,0.0,4.0,44.0,5.0,0.0,0.0,1.0,0.0,2.0,0.0,0.0,11.0,4.0,2.0,1.0,1.0,12.0,2.0,0.0,0.0,11.0,0.0,4.0,1.0,2.0,2.0,0.0,2.0,3.0,0.0,2.0,1.0,0.0,0.0,2.0,1.0,0.0,0.0,4.0,0.0,0.0,1.0,0.0,4.0,11.0,3.0,1.0,2.0,0.0,1.0,0.0,0.0,3.0,6.0,1.0,5.0,0.0,0.0,3.0,0.0,4.0,4.0
ESTONIA,Europe,Northern Europe,179.0,82.0,97.0,19.0,86.0,23.0,1.0,0.0,5.0,32.0,5.0,0.0,0.0,8.0,2.0,2.0,0.0,2.0,32.0,2.0,5.0,1.0,1.0,22.0,9.0,0.0,1.0,1.0,0.0,5.0,1.0,3.0,3.0,1.0,12.0,2.0,4.0,2.0,3.0,0.0,0.0,1.0,1.0,5.0,0.0,0.0,1.0,3.0,1.0,0.0,19.0,0.0,1.0,1.0,6.0,0.0,1.0,3.0,1.0,1.0,6.0,0.0,7.0,0.0,1.0,1.0,0.0,1.0,2.0
ETHIOPIA,Africa,Eastern Africa,1894.0,1070.0,824.0,152.0,917.0,286.0,1.0,0.0,22.0,351.0,32.0,0.0,11.0,122.0,1.0,19.0,15.0,13.0,87.0,24.0,27.0,28.0,2.0,48.0,35.0,0.0,0.0,151.0,10.0,50.0,50.0,20.0,49.0,5.0,117.0,48.0,7.0,58.0,159.0,29.0,0.0,65.0,0.0,44.0,8.0,23.0,24.0,15.0,11.0,6.0,131.0,40.0,49.0,17.0,70.0,0.0,3.0,31.0,48.0,26.0,91.0,11.0,73.0,0.0,2.0,29.0,13.0,6.0,6.0
FAROE ISLANDS,Europe,Northern Europe,2.0,1.0,1.0,0.0,2.0,0.0,0.0,0.0,0.0,0.0,0.0,0.0,0.0,0.0,0.0,0.0,0.0,0.0,1.0,0.0,0.0,0.0,0.0,0.0,0.0,0.0,0.0,0.0,0.0,0.0,0.0,0.0,0.0,0.0,0.0,0.0,0.0,0.0,0.0,0.0,0.0,0.0,0.0,0.0,0.0,0.0,0.0,0.0,0.0,0.0,0.0,0.0,0.0,0.0,0.0,0.0,0.0,0.0,0.0,0.0,0.0,0.0,0.0,0.0,0.0,0.0,1.0,0.0,0.0
FIJI,Australia & Pacific Islands,Melanesia,75.0,35.0,40.0,25.0,28.0,3.0,2.0,0.0,2.0,10.0,3.0,0.0,0.0,2.0,0.0,0.0,3.0,0.0,20.0,0.0,1.0,0.0,0.0,5.0,2.0,2.0,1.0,5.0,0.0,2.0,0.0,0.0,0.0,0.0,1.0,2.0,0.0,0.0,1.0,4.0,0.0,1.0,0.0,0.0,0.0,0.0,0.0,2.0,0.0,0.0,5.0,0.0,0.0,2.0,2.0,0.0,0.0,1.0,0.0,0.0,2.0,5.0,2.0,0.0,0.0,2.0,0.0,2.0,0.0
FINLAND,Europe,Northern Europe,732.0,357.0,375.0,71.0,334.0,51.0,3.0,0.0,18.0,92.0,45.0,14.0,10.0,94.0,0.0,6.0,1.0,7.0,111.0,12.0,13.0,6.0,2.0,65.0,21.0,0.0,11.0,7.0,5.0,14.0,0.0,4.0,3.0,6.0,39.0,4.0,6.0,17.0,25.0,14.0,0.0,5.0,3.0,16.0,5.0,1.0,14.0,8.0,6.0,3.0,93.0,15.0,8.0,5.0,25.0,1.0,5.0,11.0,3.0,15.0,31.0,6.0,29.0,0.0,6.0,7.0,10.0,1.0,1.0
FRANCE,Europe,Western Europe,9411.0,5040.0,4371.0,795.0,2835.0,898.0,65.0,2.0,1271.0,2172.0,963.0,111.0,33.0,266.0,4.0,54.0,22.0,87.0,2218.0,59.0,98.0,129.0,23.0,729.0,195.0,0.0,65.0,48.0,18.0,317.0,63.0,50.0,37.0,59.0,709.0,78.0,15.0,91.0,62.0,152.0,0.0,34.0,14.0,534.0,2.0,19.0,23.0,148.0,36.0,23.0,1847.0,93.0,58.0,44.0,268.0,21.0,31.0,98.0,7.0,31.0,343.0,58.0,92.0,0.0,25.0,94.0,44.0,33.0,9.0
FRENCH GUIANA,South America,South America,3.0,1.0,2.0,1.0,0.0,0.0,0.0,0.0,2.0,0.0,0.0,0.0,0.0,0.0,0.0,0.0,0.0,0.0,2.0,0.0,0.0,0.0,0.0,1.0,0.0,0.0,0.0,0.0,0.0,0.0,0.0,0.0,0.0,0.0,0.0,0.0,0.0,0.0,0.0,0.0,0.0,0.0,0.0,0.0,0.0,0.0,0.0,0.0,0.0,0.0,0.0,0.0,0.0,0.0,0.0,0.0,0.0,0.0,0.0,0.0,0.0,0.0,0.0,0.0,0.0,0.0,0.0,0.0,0.0
FRENCH POLYNESIA,Australia & Pacific Islands,Polynesia,19.0,12.0,7.0,3.0,10.0,2.0,0.0,0.0,0.0,2.0,0.0,0.0,0.0,2.0,0.0,0.0,0.0,0.0,6.0,0.0,0.0,0.0,0.0,0.0,1.0,0.0,7.0,0.0,0.0,0.0,0.0,0.0,0.0,0.0,0.0,0.0,0.0,0.0,0.0,1.0,0.0,0.0,0.0,0.0,0.0,0.0,0.0,0.0,0.0,0.0,0.0,0.0,0.0,0.0,0.0,0.0,0.0,0.0,0.0,0.0,0.0,4.0,0.0,0.0,0.0,0.0,0.0,0.0,0.0
GABON,Africa,Central Africa,513.0,241.0,272.0,157.0,187.0,8.0,1.0,0.0,96.0,59.0,4.0,0.0,1.0,0.0,0.0,0.0,9.0,0.0,17.0,6.0,4.0,22.0,4.0,12.0,26.0,0.0,0.0,3.0,0.0,11.0,7.0,1.0,0.0,6.0,25.0,33.0,0.0,3.0,3.0,4.0,0.0,0.0,0.0,11.0,0.0,8.0,0.0,5.0,1.0,1.0,37.0,5.0,25.0,6.0,10.0,0.0,1.0,2.0,1.0,2.0,184.0,0.0,13.0,0.0,0.0,3.0,0.0,2.0,0.0
"GAMBIA, THE",Africa,Western Africa,351.0,182.0,169.0,111.0,174.0,12.0,0.0,0.0,3.0,42.0,6.0,0.0,0.0,3.0,0.0,1.0,6.0,2.0,6.0,1.0,2.0,1.0,1.0,18.0,11.0,0.0,0.0,14.0,0.0,7.0,0.0,11.0,6.0,0.0,1.0,13.0,0.0,11.0,27.0,18.0,0.0,8.0,0.0,13.0,1.0,8.0,0.0,3.0,0.0,0.0,25.0,12.0,7.0,3.0,5.0,0.0,1.0,1.0,1.0,3.0,74.0,0.0,10.0,0.0,1.0,10.0,5.0,2.0,1.0
GAZA STRIP,Asia,Western Asia,133.0,112.0,21.0,33.0,37.0,25.0,0.0,0.0,11.0,21.0,4.0,0.0,0.0,2.0,0.0,1.0,1.0,5.0,14.0,2.0,1.0,2.0,0.0,8.0,5.0,0.0,0.0,1.0,0.0,8.0,1.0,3.0,1.0,2.0,6.0,0.0,0.0,11.0,1.0,2.0,0.0,1.0,0.0,4.0,2.0,0.0,2.0,3.0,0.0,0.0,10.0,3.0,1.0,4.0,7.0,0.0,0.0,1.0,1.0,0.0,5.0,4.0,7.0,0.0,0.0,2.0,1.0,0.0,0.0
GEORGIA,Asia,Western Asia,564.0,307.0,257.0,37.0,281.0,53.0,1.0,0.0,39.0,106.0,25.0,1.0,0.0,21.0,0.0,4.0,1.0,4.0,31.0,5.0,8.0,8.0,0.0,16.0,18.0,0.0,1.0,5.0,2.0,24.0,12.0,3.0,3.0,4.0,96.0,13.0,5.0,9.0,12.0,10.0,0.0,3.0,1.0,9.0,0.0,1.0,0.0,12.0,1.0,0.0,136.0,13.0,0.0,0.0,34.0,0.0,0.0,3.0,0.0,2.0,21.0,4.0,18.0,0.0,1.0,2.0,7.0,2.0,0.0
GERMANY,Europe,Western Europe,8820.0,4660.0,4158.0,531.0,2957.0,1280.0,97.0,4.0,476.0,1478.0,786.0,203.0,36.0,971.0,20.0,120.0,27.0,119.0,1971.0,104.0,162.0,103.0,19.0,662.0,211.0,0.0,132.0,70.0,24.0,275.0,113.0,54.0,54.0,58.0,659.0,110.0,34.0,193.0,70.0,174.0,0.0,36.0,30.0,225.0,9.0,23.0,48.0,156.0,37.0,24.0,1028.0,124.0,45.0,82.0,285.0,12.0,54.0,135.0,13.0,104.0,239.0,87.0,158.0,1.0,39.0,85.0,157.0,34.0,12.0
GHANA,Africa,Western Africa,3148.0,1951.0,1197.0,128.0,1249.0,693.0,1.0,0.0,7.0,937.0,61.0,1.0,7.0,64.0,2.0,45.0,38.0,22.0,98.0,17.0,60.0,39.0,14.0,136.0,77.0,0.0,1.0,53.0,35.0,135.0,79.0,29.0,31.0,22.0,195.0,75.0,6.0,160.0,93.0,113.0,0.0,39.0,5.0,107.0,38.0,21.0,29.0,47.0,31.0,11.0,205.0,235.0,67.0,10.0,165.0,1.0,22.0,29.0,48.0,78.0,153.0,31.0,90.0,0.0,6.0,20.0,50.0,25.0,10.0
GIBRALTAR,Europe,Southern Europe,7.0,6.0,1.0,0.0,3.0,0.0,0.0,0.0,0.0,3.0,1.0,0.0,0.0,0.0,0.0,0.0,0.0,0.0,0.0,0.0,1.0,0.0,0.0,0.0,0.0,0.0,0.0,0.0,0.0,0.0,0.0,0.0,0.0,0.0,2.0,0.0,0.0,0.0,0.0,1.0,0.0,0.0,0.0,0.0,0.0,0.0,0.0,0.0,0.0,0.0,1.0,2.0,0.0,0.0,0.0,0.0,0.0,0.0,0.0,0.0,0.0,0.0,0.0,0.0,0.0,0.0,0.0,0.0,0.0
GREECE,Europe,Southern Europe,2139.0,1271.0,868.0,81.0,719.0,754.0,2.0,0.0,34.0,461.0,70.0,5.0,2.0,11.0,3.0,8.0,4.0,5.0,277.0,10.0,40.0,42.0,14.0,69.0,40.0,0.0,1.0,18.0,2.0,114.0,31.0,3.0,6.0,18.0,343.0,49.0,4.0,48.0,29.0,22.0,0.0,5.0,3.0,34.0,0.0,11.0,9.0,71.0,5.0,7.0,443.0,37.0,9.0,6.0,109.0,0.0,30.0,8.0,1.0,14.0,72.0,3.0,27.0,0.0,6.0,15.0,12.0,0.0,2.0
GREENLAND,North America,Northern America,2.0,0.0,2.0,0.0,2.0,0.0,0.0,0.0,0.0,0.0,0.0,0.0,0.0,0.0,0.0,0.0,0.0,0.0,0.0,0.0,0.0,0.0,0.0,0.0,0.0,0.0,0.0,0.0,0.0,0.0,0.0,0.0,0.0,0.0,0.0,2.0,0.0,0.0,0.0,0.0,0.0,0.0,0.0,0.0,0.0,0.0,0.0,0.0,0.0,0.0,0.0,0.0,0.0,0.0,0.0,0.0,0.0,0.0,0.0,0.0,0.0,0.0,0.0,0.0,0.0,0.0,0.0,0.0,0.0
GRENADA,North America,Caribbean,232.0,101.0,131.0,36.0,111.0,17.0,0.0,0.0,0.0,60.0,4.0,1.0,2.0,1.0,0.0,1.0,3.0,0.0,1.0,0.0,0.0,9.0,0.0,13.0,2.0,0.0,0.0,0.0,0.0,10.0,4.0,5.0,0.0,2.0,2.0,1.0,0.0,2.0,1.0,2.0,0.0,2.0,0.0,0.0,0.0,1.0,1.0,3.0,1.0,0.0,58.0,2.0,13.0,0.0,3.0,1.0,0.0,2.0,0.0,2.0,75.0,1.0,2.0,1.0,0.0,0.0,5.0,1.0,0.0
GUADELOUPE,North America,Caribbean,11.0,6.0,5.0,3.0,4.0,0.0,0.0,0.0,0.0,1.0,0.0,0.0,0.0,3.0,1.0,0.0,0.0,0.0,3.0,0.0,0.0,0.0,0.0,5.0,0.0,0.0,0.0,0.0,0.0,0.0,0.0,0.0,0.0,0.0,0.0,0.0,0.0,0.0,0.0,0.0,0.0,1.0,0.0,0.0,0.0,0.0,0.0,1.0,0.0,0.0,0.0,0.0,0.0,0.0,0.0,0.0,0.0,0.0,0.0,0.0,0.0,0.0,0.0,0.0,0.0,0.0,0.0,0.0,0.0
GUATEMALA,North America,Central America,1204.0,673.0,531.0,125.0,675.0,80.0,9.0,1.0,55.0,166.0,26.0,6.0,3.0,58.0,1.0,4.0,37.0,13.0,102.0,24.0,9.0,13.0,1.0,155.0,51.0,0.0,4.0,7.0,12.0,33.0,29.0,5.0,9.0,32.0,96.0,6.0,7.0,30.0,22.0,16.0,0.0,8.0,4.0,14.0,1.0,3.0,3.0,14.0,2.0,2.0,61.0,16.0,13.0,7.0,41.0,10.0,11.0,9.0,1.0,27.0,139.0,45.0,29.0,0.0,6.0,7.0,8.0,2.0,3.0
GUERNSEY,Europe,Northern Europe,2.0,1.0,1.0,1.0,0.0,0.0,0.0,0.0,0.0,1.0,0.0,0.0,0.0,0.0,0.0,0.0,0.0,0.0,0.0,0.0,1.0,0.0,0.0,0.0,0.0,0.0,0.0,0.0,0.0,0.0,0.0,1.0,0.0,0.0,0.0,0.0,0.0,0.0,0.0,0.0,0.0,0.0,0.0,0.0,0.0,0.0,0.0,0.0,0.0,0.0,0.0,0.0,0.0,0.0,0.0,0.0,0.0,0.0,0.0,0.0,0.0,0.0,0.0,0.0,0.0,0.0,0.0,0.0,0.0
GUINEA,Africa,Western Africa,118.0,80.0,38.0,32.0,34.0,1.0,0.0,0.0,35.0,8.0,2.0,0.0,2.0,4.0,0.0,2.0,1.0,0.0,7.0,1.0,2.0,2.0,0.0,5.0,4.0,0.0,0.0,0.0,0.0,1.0,0.0,1.0,0.0,0.0,9.0,5.0,0.0,0.0,5.0,3.0,0.0,0.0,0.0,3.0,0.0,0.0,0.0,1.0,0.0,0.0,37.0,2.0,1.0,3.0,5.0,0.0,0.0,0.0,0.0,2.0,10.0,0.0,5.0,0.0,0.0,1.0,0.0,0.0,0.0
GUINEA-BISSAU,Africa,Western Africa,12.0,6.0,6.0,1.0,4.0,0.0,0.0,0.0,4.0,2.0,1.0,0.0,0.0,0.0,0.0,1.0,0.0,0.0,2.0,0.0,0.0,0.0,0.0,0.0,2.0,0.0,0.0,0.0,0.0,2.0,0.0,0.0,0.0,0.0,0.0,1.0,0.0,1.0,0.0,0.0,0.0,0.0,0.0,0.0,0.0,1.0,0.0,0.0,0.0,0.0,2.0,0.0,0.0,0.0,0.0,0.0,0.0,0.0,0.0,0.0,0.0,0.0,0.0,0.0,0.0,0.0,0.0,0.0,0.0
GUYANA,South America,South America,290.0,116.0,174.0,67.0,130.0,36.0,13.0,0.0,0.0,28.0,7.0,1.0,2.0,6.0,0.0,4.0,1.0,0.0,7.0,0.0,6.0,9.0,1.0,52.0,3.0,0.0,0.0,0.0,3.0,1.0,3.0,1.0,0.0,1.0,6.0,9.0,1.0,4.0,2.0,2.0,0.0,3.0,0.0,1.0,0.0,0.0,0.0,7.0,1.0,0.0,128.0,8.0,1.0,0.0,8.0,0.0,0.0,1.0,0.0,2.0,7.0,1.0,1.0,0.0,1.0,0.0,0.0,3.0,1.0
HAITI,North America,Caribbean,927.0,565.0,362.0,234.0,417.0,30.0,2.0,0.0,61.0,91.0,17.0,1.0,21.0,53.0,0.0,2.0,4.0,6.0,13.0,3.0,6.0,5.0,1.0,204.0,19.0,1.0,0.0,24.0,7.0,22.0,21.0,6.0,31.0,8.0,48.0,9.0,4.0,15.0,17.0,15.0,0.0,6.0,1.0,34.0,2.0,9.0,3.0,24.0,1.0,1.0,130.0,11.0,11.0,7.0,26.0,39.0,5.0,7.0,1.0,14.0,31.0,9.0,35.0,0.0,3.0,5.0,15.0,5.0,1.0
HONDURAS,North America,Central America,2050.0,980.0,1070.0,328.0,1183.0,98.0,3.0,0.0,98.0,243.0,48.0,1.0,12.0,36.0,0.0,17.0,54.0,1.0,71.0,17.0,14.0,24.0,6.0,317.0,111.0,0.0,1.0,38.0,14.0,72.0,33.0,12.0,11.0,150.0,98.0,15.0,2.0,37.0,28.0,78.0,0.0,21.0,1.0,30.0,5.0,4.0,4.0,17.0,10.0,4.0,90.0,39.0,22.0,5.0,76.0,15.0,8.0,17.0,12.0,26.0,301.0,43.0,45.0,0.0,6.0,13.0,10.0,2.0,3.0
HONG KONG,Asia,Eastern Asia,8097.0,4521.0,3576.0,1665.0,4154.0,472.0,19.0,0.0,163.0,714.0,311.0,19.0,41.0,539.0,0.0,8.0,17.0,75.0,2718.0,21.0,93.0,38.0,4.0,144.0,148.0,2.0,108.0,51.0,43.0,230.0,141.0,28.0,21.0,7.0,519.0,89.0,12.0,151.0,100.0,50.0,0.0,3.0,5.0,47.0,3.0,13.0,21.0,75.0,3.0,48.0,693.0,99.0,13.0,110.0,295.0,0.0,33.0,37.0,13.0,20.0,192.0,153.0,66.0,0.0,20.0,1250.0,59.0,5.0,3.0
HUNGARY,Europe,Eastern Europe,800.0,398.0,402.0,64.0,316.0,143.0,4.0,0.0,41.0,134.0,44.0,10.0,8.0,36.0,1.0,9.0,2.0,16.0,117.0,8.0,9.0,7.0,0.0,75.0,11.0,1.0,4.0,8.0,4.0,29.0,11.0,6.0,2.0,6.0,67.0,8.0,3.0,12.0,7.0,21.0,0.0,0.0,2.0,17.0,1.0,3.0,7.0,19.0,3.0,11.0,138.0,18.0,12.0,10.0,32.0,0.0,4.0,4.0,0.0,4.0,30.0,8.0,9.0,0.0,5.0,5.0,9.0,3.0,2.0
ICELAND,Europe,Northern Europe,415.0,209.0,206.0,31.0,193.0,47.0,6.0,0.0,5.0,84.0,29.0,11.0,1.0,8.0,2.0,15.0,2.0,4.0,79.0,4.0,2.0,1.0,0.0,45.0,17.0,0.0,2.0,2.0,0.0,8.0,3.0,1.0,1.0,6.0,22.0,4.0,0.0,9.0,7.0,2.0,0.0,3.0,0.0,16.0,1.0,0.0,2.0,5.0,0.0,0.0,82.0,3.0,3.0,2.0,5.0,0.0,3.0,16.0,1.0,5.0,10.0,2.0,2.0,0.0,3.0,10.0,2.0,1.0,0.0
INDIA,Asia,Southern Asia,194438.0,133350.0,61050.0,2359.0,17166.0,17457.0,344.0,3.0,1930.0,152651.0,2130.0,185.0,15.0,195.0,50.0,1423.0,1664.0,3698.0,32244.0,1719.0,3832.0,807.0,2572.0,6020.0,3325.0,0.0,20.0,1059.0,127.0,12557.0,5291.0,1427.0,1719.0,1130.0,8303.0,2252.0,83.0,6465.0,1666.0,7980.0,0.0,711.0,57.0,4135.0,311.0,895.0,1716.0,5560.0,402.0,143.0,18349.0,7707.0,1814.0,674.0,8362.0,16.0,432.0,891.0,324.0,905.0,23067.0,817.0,6601.0,2.0,53.0,1147.0,1376.0,458.0,81.0
INDONESIA,Asia,South-Eastern Asia,8536.0,4621.0,3914.0,1508.0,4640.0,379.0,88.0,2.0,187.0,1134.0,429.0,18.0,9.0,142.0,4.0,9.0,12.0,81.0,3026.0,91.0,28.0,39.0,7.0,208.0,127.0,0.0,14.0,89.0,6.0,309.0,279.0,40.0,35.0,22.0,593.0,54.0,1.0,170.0,108.0,35.0,1.0,5.0,11.0,40.0,5.0,18.0,21.0,31.0,14.0,20.0,536.0,114.0,56.0,260.0,187.0,0.0,29.0,2.0,11.0,36.0,336.0,25.0,62.0,0.0,6.0,1242.0,72.0,8.0,1.0
IRAN,Asia,Southern Asia,12219.0,7545.0,4671.0,240.0,569.0,8172.0,3.0,1.0,169.0,2813.0,208.0,9.0,0.0,35.0,2.0,104.0,65.0,255.0,1572.0,187.0,113.0,106.0,46.0,627.0,268.0,0.0,28.0,168.0,33.0,603.0,208.0,149.0,139.0,168.0,647.0,214.0,19.0,444.0,124.0,171.0,0.0,86.0,34.0,308.0,64.0,87.0,63.0,185.0,160.0,104.0,740.0,486.0,177.0,180.0,497.0,2.0,39.0,128.0,20.0,151.0,1232.0,156.0,356.0,0.0,15.0,196.0,177.0,88.0,28.0
IRAQ,Asia,Western Asia,688.0,533.0,155.0,72.0,119.0,170.0,10.0,2.0,119.0,167.0,23.0,0.0,0.0,6.0,0.0,5.0,15.0,8.0,92.0,13.0,16.0,9.0,0.0,44.0,3.0,0.0,2.0,10.0,1.0,45.0,30.0,9.0,10.0,1.0,19.0,6.0,2.0,65.0,7.0,21.0,0.0,3.0,1.0,11.0,0.0,6.0,10.0,3.0,2.0,0.0,17.0,27.0,12.0,11.0,20.0,0.0,0.0,2.0,4.0,6.0,62.0,3.0,32.0,0.0,1.0,13.0,2.0,6.0,1.0
IRELAND,Europe,Northern Europe,1089.0,675.0,414.0,106.0,472.0,144.0,11.0,1.0,2.0,231.0,75.0,20.0,3.0,24.0,2.0,8.0,5.0,11.0,108.0,6.0,37.0,13.0,5.0,58.0,39.0,1.0,3.0,9.0,2.0,34.0,41.0,12.0,14.0,13.0,93.0,9.0,3.0,24.0,6.0,15.0,0.0,8.0,7.0,39.0,4.0,9.0,5.0,21.0,4.0,2.0,166.0,13.0,21.0,6.0,55.0,1.0,16.0,12.0,0.0,30.0,45.0,3.0,23.0,0.0,1.0,6.0,12.0,8.0,1.0
ISLE OF MAN,Europe,Northern Europe,5.0,5.0,0.0,1.0,4.0,0.0,0.0,0.0,0.0,0.0,0.0,0.0,0.0,0.0,0.0,0.0,0.0,0.0,1.0,0.0,0.0,0.0,0.0,0.0,0.0,0.0,0.0,0.0,0.0,0.0,0.0,0.0,0.0,0.0,0.0,1.0,0.0,0.0,0.0,0.0,0.0,0.0,0.0,0.0,0.0,0.0,0.0,0.0,0.0,0.0,1.0,0.0,0.0,0.0,1.0,0.0,0.0,0.0,0.0,0.0,0.0,0.0,1.0,0.0,0.0,0.0,0.0,0.0,0.0
ISRAEL,Asia,Western Asia,2494.0,1655.0,839.0,188.0,1040.0,395.0,8.0,1.0,114.0,530.0,158.0,23.0,3.0,34.0,1.0,4.0,2.0,20.0,351.0,20.0,31.0,23.0,1.0,146.0,30.0,0.0,3.0,10.0,1.0,89.0,23.0,5.0,7.0,9.0,234.0,31.0,7.0,36.0,11.0,15.0,0.0,3.0,1.0,37.0,0.0,3.0,3.0,63.0,8.0,7.0,981.0,32.0,8.0,18.0,75.0,0.0,8.0,5.0,2.0,6.0,56.0,10.0,18.0,0.0,2.0,11.0,22.0,4.0,1.0
ITALY,Europe,Southern Europe,6076.0,3450.0,2625.0,461.0,1679.0,1156.0,50.0,1.0,669.0,1028.0,498.0,63.0,31.0,440.0,4.0,12.0,9.0,71.0,1213.0,51.0,95.0,87.0,8.0,611.0,101.0,2.0,28.0,19.0,12.0,237.0,85.0,23.0,12.0,22.0,618.0,58.0,31.0,76.0,41.0,80.0,0.0,13.0,8.0,97.0,3.0,14.0,20.0,125.0,11.0,13.0,1321.0,53.0,16.0,23.0,181.0,7.0,55.0,37.0,4.0,30.0,176.0,54.0,71.0,0.0,9.0,61.0,47.0,19.0,2.0
JAMAICA,North America,Caribbean,3156.0,1228.0,1927.0,598.0,1514.0,296.0,11.0,1.0,2.0,582.0,46.0,12.0,9.0,85.0,0.0,48.0,21.0,15.0,85.0,12.0,72.0,107.0,13.0,589.0,99.0,0.0,3.0,27.0,6.0,44.0,40.0,37.0,26.0,60.0,125.0,92.0,16.0,71.0,26.0,84.0,0.0,19.0,2.0,63.0,17.0,19.0,16.0,101.0,25.0,1.0,528.0,67.0,26.0,5.0,94.0,7.0,11.0,49.0,7.0,62.0,194.0,19.0,57.0,5.0,4.0,11.0,14.0,13.0,2.0
JAPAN,Asia,Eastern Asia,24452.0,10783.0,13667.0,4175.0,5942.0,946.0,241.0,5.0,7061.0,2350.0,2132.0,191.0,77.0,1332.0,12.0,59.0,158.0,326.0,8124.0,135.0,149.0,158.0,23.0,415.0,148.0,22.0,1555.0,147.0,61.0,431.0,186.0,165.0,132.0,33.0,1364.0,126.0,39.0,258.0,225.0,291.0,14.0,28.0,38.0,152.0,87.0,161.0,73.0,111.0,18.0,184.0,4147.0,270.0,115.0,723.0,434.0,0.0,45.0,67.0,21.0,105.0,368.0,233.0,151.0,0.0,42.0,1823.0,198.0,72.0,30.0
JERSEY,Europe,Northern Europe,6.0,5.0,1.0,1.0,4.0,1.0,0.0,0.0,0.0,0.0,0.0,0.0,0.0,0.0,0.0,0.0,0.0,0.0,2.0,0.0,0.0,0.0,0.0,0.0,1.0,0.0,0.0,0.0,0.0,0.0,0.0,0.0,0.0,0.0,0.0,0.0,0.0,0.0,0.0,0.0,0.0,0.0,0.0,0.0,0.0,0.0,1.0,0.0,0.0,0.0,0.0,0.0,0.0,0.0,0.0,0.0,0.0,0.0,0.0,0.0,1.0,0.0,0.0,0.0,0.0,0.0,0.0,1.0,0.0
JORDAN,Asia,Western Asia,3111.0,2470.0,641.0,424.0,668.0,656.0,9.0,0.0,611.0,632.0,93.0,2.0,2.0,14.0,1.0,34.0,24.0,32.0,456.0,27.0,39.0,39.0,6.0,186.0,24.0,0.0,1.0,52.0,8.0,315.0,52.0,37.0,35.0,31.0,138.0,26.0,4.0,138.0,28.0,36.0,0.0,23.0,3.0,63.0,7.0,10.0,15.0,78.0,34.0,2.0,180.0,172.0,35.0,18.0,89.0,0.0,7.0,12.0,15.0,25.0,305.0,36.0,103.0,0.0,4.0,35.0,53.0,14.0,4.0
KAZAKHSTAN,Asia,Central Asia,2362.0,1186.0,1176.0,370.0,768.0,99.0,3.0,0.0,457.0,387.0,123.0,11.0,13.0,131.0,1.0,3.0,31.0,20.0,489.0,55.0,9.0,30.0,11.0,159.0,23.0,0.0,3.0,7.0,4.0,108.0,29.0,8.0,8.0,8.0,242.0,19.0,5.0,20.0,18.0,10.0,0.0,10.0,2.0,23.0,1.0,2.0,8.0,31.0,6.0,5.0,352.0,34.0,15.0,22.0,67.0,0.0,10.0,0.0,6.0,5.0,272.0,11.0,44.0,0.0,7.0,79.0,20.0,6.0,4.0
KENYA,Africa,Eastern Africa,3497.0,1792.0,1704.0,579.0,1594.0,401.0,12.0,0.0,13.0,771.0,75.0,3.0,0.0,49.0,10.0,56.0,27.0,24.0,179.0,20.0,52.0,29.0,21.0,146.0,84.0,0.0,2.0,67.0,9.0,104.0,80.0,109.0,57.0,56.0,251.0,96.0,10.0,107.0,125.0,139.0,0.0,28.0,5.0,80.0,11.0,26.0,22.0,61.0,24.0,3.0,226.0,110.0,102.0,19.0,198.0,5.0,16.0,30.0,13.0,72.0,359.0,13.0,84.0,0.0,10.0,47.0,42.0,10.0,21.0
KIRIBATI,Australia & Pacific Islands,Micronesia,15.0,9.0,6.0,4.0,8.0,0.0,0.0,0.0,1.0,1.0,0.0,0.0,0.0,1.0,0.0,0.0,0.0,0.0,3.0,0.0,0.0,0.0,0.0,0.0,0.0,7.0,1.0,0.0,0.0,0.0,0.0,0.0,0.0,0.0,0.0,0.0,0.0,0.0,0.0,0.0,1.0,0.0,0.0,0.0,0.0,0.0,0.0,0.0,0.0,0.0,0.0,1.0,0.0,0.0,0.0,0.0,0.0,0.0,0.0,0.0,1.0,0.0,1.0,0.0,0.0,0.0,0.0,0.0,0.0
KOSOVO,Europe,Southern Europe,167.0,98.0,69.0,21.0,80.0,15.0,0.0,0.0,9.0,32.0,3.0,0.0,0.0,7.0,0.0,0.0,1.0,3.0,15.0,0.0,1.0,1.0,0.0,4.0,9.0,0.0,0.0,7.0,1.0,5.0,1.0,0.0,1.0,0.0,9.0,1.0,1.0,6.0,11.0,2.0,0.0,0.0,0.0,5.0,0.0,0.0,0.0,1.0,0.0,0.0,38.0,4.0,3.0,1.0,5.0,0.0,2.0,0.0,0.0,0.0,20.0,0.0,2.0,0.0,1.0,1.0,3.0,2.0,0.0
KUWAIT,Asia,Western Asia,10171.0,8601.0,1567.0,393.0,7277.0,315.0,5.0,0.0,1693.0,350.0,114.0,1.0,12.0,11.0,0.0,529.0,6.0,1151.0,2278.0,316.0,73.0,48.0,39.0,686.0,23.0,0.0,1.0,18.0,891.0,53.0,74.0,125.0,61.0,12.0,204.0,82.0,0.0,90.0,30.0,91.0,0.0,3.0,57.0,98.0,0.0,25.0,3.0,25.0,303.0,1.0,121.0,556.0,44.0,326.0,490.0,0.0,9.0,9.0,11.0,287.0,234.0,47.0,208.0,0.0,1.0,73.0,40.0,292.0,27.0
KYRGYZSTAN,Asia,Central Asia,335.0,180.0,155.0,45.0,96.0,17.0,0.0,0.0,66.0,70.0,32.0,1.0,2.0,6.0,0.0,1.0,1.0,1.0,29.0,7.0,0.0,7.0,1.0,11.0,3.0,0.0,0.0,0.0,1.0,81.0,5.0,0.0,2.0,0.0,24.0,1.0,0.0,2.0,2.0,11.0,0.0,1.0,2.0,5.0,0.0,11.0,2.0,3.0,2.0,1.0,32.0,2.0,3.0,1.0,9.0,0.0,0.0,2.0,0.0,1.0,32.0,2.0,26.0,0.0,0.0,7.0,0.0,1.0,0.0
LAOS,Asia,South-Eastern Asia,103.0,60.0,43.0,35.0,19.0,3.0,0.0,0.0,20.0,4.0,1.0,0.0,7.0,14.0,0.0,0.0,1.0,0.0,25.0,0.0,0.0,1.0,0.0,9.0,1.0,0.0,0.0,1.0,0.0,4.0,0.0,1.0,0.0,3.0,2.0,0.0,0.0,3.0,7.0,3.0,0.0,0.0,0.0,2.0,0.0,0.0,0.0,0.0,0.0,0.0,6.0,1.0,0.0,2.0,2.0,0.0,1.0,0.0,0.0,4.0,5.0,5.0,3.0,0.0,0.0,10.0,1.0,0.0,0.0
LATVIA,Europe,Northern Europe,345.0,159.0,186.0,49.0,171.0,28.0,0.0,0.0,9.0,45.0,12.0,2.0,3.0,26.0,1.0,3.0,1.0,3.0,53.0,2.0,6.0,1.0,0.0,27.0,8.0,0.0,0.0,10.0,2.0,16.0,8.0,5.0,5.0,6.0,18.0,5.0,1.0,3.0,6.0,10.0,0.0,2.0,0.0,12.0,1.0,4.0,3.0,11.0,0.0,0.0,42.0,3.0,5.0,1.0,20.0,0.0,4.0,2.0,0.0,6.0,15.0,6.0,3.0,0.0,1.0,1.0,2.0,1.0,0.0
LEBANON,Asia,Western Asia,1533.0,1026.0,507.0,196.0,413.0,375.0,8.0,0.0,34.0,452.0,39.0,5.0,1.0,10.0,0.0,6.0,6.0,15.0,199.0,13.0,10.0,30.0,4.0,73.0,27.0,0.0,1.0,7.0,1.0,81.0,39.0,8.0,6.0,13.0,154.0,15.0,3.0,128.0,17.0,10.0,0.0,3.0,0.0,31.0,1.0,4.0,5.0,25.0,9.0,7.0,195.0,51.0,18.0,6.0,62.0,0.0,6.0,13.0,3.0,11.0,124.0,5.0,49.0,0.0,2.0,21.0,11.0,4.0,1.0
LESOTHO,Africa,Southern Africa,56.0,32.0,24.0,2.0,44.0,5.0,0.0,0.0,0.0,3.0,0.0,0.0,0.0,2.0,0.0,0.0,1.0,0.0,4.0,1.0,0.0,0.0,0.0,4.0,1.0,0.0,0.0,2.0,3.0,1.0,2.0,1.0,3.0,1.0,3.0,0.0,1.0,0.0,3.0,1.0,0.0,0.0,0.0,3.0,0.0,0.0,0.0,0.0,0.0,0.0,3.0,2.0,7.0,0.0,0.0,0.0,2.0,1.0,0.0,0.0,3.0,0.0,0.0,0.0,2.0,1.0,0.0,0.0,0.0
LIBERIA,Africa,Western Africa,252.0,159.0,93.0,60.0,82.0,10.0,0.0,0.0,2.0,61.0,11.0,0.0,2.0,24.0,0.0,0.0,2.0,1.0,7.0,2.0,3.0,4.0,3.0,3.0,21.0,0.0,2.0,6.0,2.0,11.0,4.0,1.0,10.0,3.0,6.0,10.0,0.0,5.0,16.0,5.0,0.0,4.0,0.0,9.0,2.0,0.0,3.0,15.0,0.0,0.0,6.0,3.0,1.0,5.0,26.0,0.0,1.0,5.0,2.0,6.0,12.0,2.0,11.0,0.0,2.0,2.0,2.0,6.0,0.0
LIBYA,Africa,Northern Africa,2010.0,1599.0,411.0,161.0,189.0,608.0,0.0,0.0,507.0,472.0,67.0,4.0,0.0,2.0,0.0,9.0,16.0,24.0,180.0,247.0,40.0,14.0,3.0,200.0,43.0,0.0,1.0,12.0,12.0,102.0,28.0,9.0,12.0,15.0,53.0,3.0,0.0,106.0,14.0,76.0,0.0,4.0,1.0,21.0,4.0,3.0,1.0,21.0,12.0,1.0,64.0,202.0,19.0,58.0,46.0,0.0,1.0,26.0,10.0,13.0,99.0,2.0,28.0,0.0,2.0,94.0,10.0,42.0,7.0
LIECHTENSTEIN,Europe,Western Europe,13.0,8.0,5.0,2.0,5.0,0.0,0.0,0.0,2.0,2.0,1.0,1.0,0.0,0.0,0.0,0.0,0.0,0.0,2.0,0.0,0.0,0.0,0.0,2.0,0.0,0.0,1.0,0.0,0.0,0.0,0.0,0.0,0.0,0.0,4.0,0.0,1.0,0.0,0.0,1.0,0.0,0.0,0.0,0.0,0.0,0.0,0.0,1.0,0.0,0.0,1.0,0.0,0.0,0.0,0.0,0.0,0.0,0.0,0.0,0.0,0.0,0.0,0.0,0.0,0.0,0.0,0.0,0.0,0.0
LITHUANIA,Europe,Northern Europe,436.0,233.0,203.0,43.0,182.0,38.0,0.0,0.0,19.0,54.0,19.0,2.0,1.0,78.0,0.0,2.0,5.0,5.0,50.0,7.0,8.0,2.0,1.0,41.0,5.0,0.0,1.0,3.0,1.0,38.0,11.0,4.0,7.0,0.0,26.0,10.0,3.0,10.0,6.0,9.0,0.0,1.0,0.0,16.0,1.0,2.0,4.0,10.0,0.0,1.0,53.0,7.0,7.0,0.0,16.0,0.0,1.0,7.0,0.0,10.0,19.0,3.0,12.0,0.0,1.0,3.0,6.0,1.0,0.0
LUXEMBOURG,Europe,Western Europe,97.0,53.0,44.0,3.0,39.0,9.0,4.0,0.0,2.0,23.0,8.0,1.0,0.0,8.0,0.0,0.0,0.0,1.0,21.0,0.0,0.0,1.0,0.0,4.0,0.0,0.0,1.0,0.0,0.0,6.0,0.0,0.0,0.0,0.0,9.0,0.0,1.0,1.0,1.0,0.0,0.0,1.0,0.0,2.0,0.0,0.0,0.0,3.0,1.0,0.0,26.0,6.0,0.0,0.0,3.0,0.0,1.0,2.0,0.0,0.0,3.0,1.0,0.0,0.0,0.0,0.0,2.0,0.0,0.0
MACAU,Asia,Eastern Asia,605.0,315.0,290.0,136.0,298.0,25.0,1.0,0.0,16.0,49.0,45.0,1.0,1.0,33.0,0.0,0.0,1.0,8.0,217.0,3.0,1.0,4.0,0.0,11.0,8.0,0.0,8.0,2.0,1.0,12.0,12.0,0.0,1.0,0.0,50.0,4.0,3.0,15.0,12.0,2.0,0.0,0.0,1.0,1.0,0.0,1.0,2.0,2.0,0.0,29.0,37.0,19.0,4.0,5.0,27.0,0.0,0.0,0.0,1.0,0.0,19.0,9.0,1.0,0.0,0.0,69.0,0.0,2.0,1.0
MACEDONIA,Europe,Southern Europe,299.0,157.0,142.0,41.0,131.0,39.0,1.0,0.0,31.0,39.0,9.0,0.0,1.0,7.0,0.0,1.0,4.0,6.0,29.0,6.0,5.0,3.0,2.0,26.0,1.0,0.0,0.0,0.0,0.0,28.0,4.0,3.0,2.0,1.0,22.0,2.0,1.0,10.0,6.0,4.0,0.0,1.0,0.0,6.0,2.0,3.0,1.0,11.0,0.0,2.0,43.0,9.0,5.0,2.0,12.0,0.0,5.0,1.0,0.0,2.0,10.0,1.0,7.0,0.0,2.0,3.0,1.0,4.0,0.0
MADAGASCAR,Africa,Eastern Africa,154.0,73.0,81.0,16.0,63.0,19.0,3.0,0.0,8.0,38.0,2.0,1.0,1.0,3.0,0.0,0.0,3.0,0.0,9.0,2.0,0.0,0.0,0.0,9.0,3.0,0.0,0.0,2.0,1.0,6.0,3.0,4.0,2.0,0.0,8.0,2.0,0.0,10.0,6.0,4.0,0.0,0.0,1.0,2.0,1.0,0.0,0.0,3.0,2.0,0.0,5.0,3.0,2.0,1.0,4.0,0.0,0.0,0.0,2.0,7.0,20.0,8.0,14.0,0.0,0.0,2.0,3.0,0.0,0.0
MALAWI,Africa,Eastern Africa,294.0,158.0,136.0,59.0,103.0,35.0,0.0,0.0,5.0,75.0,10.0,1.0,1.0,5.0,0.0,9.0,3.0,4.0,13.0,1.0,2.0,2.0,0.0,12.0,3.0,0.0,0.0,5.0,0.0,11.0,8.0,5.0,0.0,1.0,22.0,3.0,3.0,40.0,5.0,8.0,0.0,3.0,0.0,5.0,2.0,6.0,4.0,1.0,1.0,0.0,16.0,6.0,24.0,0.0,17.0,0.0,0.0,1.0,3.0,3.0,24.0,1.0,7.0,0.0,1.0,2.0,2.0,5.0,0.0
MALAYSIA,Asia,South-Eastern Asia,8140.0,4295.0,3845.0,611.0,5821.0,537.0,8.0,0.0,52.0,789.0,178.0,20.0,20.0,104.0,1.0,8.0,22.0,106.0,1213.0,159.0,53.0,28.0,3.0,144.0,80.0,0.0,19.0,651.0,15.0,344.0,346.0,150.0,37.0,44.0,381.0,61.0,9.0,347.0,319.0,78.0,1.0,12.0,25.0,46.0,20.0,294.0,36.0,114.0,7.0,9.0,608.0,309.0,206.0,119.0,483.0,0.0,35.0,9.0,6.0,139.0,259.0,80.0,92.0,0.0,9.0,289.0,263.0,44.0,8.0
MALDIVES,Asia,Southern Asia,51.0,33.0,18.0,1.0,23.0,3.0,19.0,0.0,0.0,2.0,2.0,0.0,0.0,1.0,0.0,0.0,0.0,0.0,4.0,0.0,2.0,0.0,0.0,18.0,0.0,0.0,0.0,1.0,0.0,2.0,1.0,0.0,0.0,0.0,1.0,0.0,1.0,1.0,2.0,2.0,0.0,0.0,0.0,1.0,0.0,0.0,0.0,0.0,0.0,1.0,4.0,0.0,1.0,2.0,1.0,0.0,0.0,0.0,0.0,0.0,4.0,0.0,0.0,0.0,2.0,0.0,0.0,0.0,0.0
MALI,Africa,Western Africa,581.0,397.0,184.0,127.0,185.0,11.0,0.0,0.0,151.0,70.0,7.0,0.0,3.0,27.0,0.0,8.0,1.0,4.0,11.0,9.0,1.0,14.0,24.0,22.0,19.0,0.0,1.0,3.0,2.0,8.0,5.0,3.0,4.0,10.0,14.0,54.0,0.0,9.0,13.0,6.0,0.0,1.0,1.0,12.0,1.0,2.0,3.0,24.0,1.0,2.0,107.0,3.0,13.0,6.0,26.0,0.0,4.0,0.0,0.0,10.0,75.0,18.0,14.0,0.0,1.0,6.0,2.0,3.0,1.0
MALTA,Europe,Southern Europe,18.0,12.0,6.0,1.0,8.0,2.0,2.0,0.0,0.0,4.0,1.0,0.0,0.0,0.0,0.0,0.0,0.0,0.0,0.0,0.0,0.0,0.0,0.0,5.0,1.0,0.0,0.0,0.0,0.0,0.0,0.0,0.0,0.0,1.0,4.0,0.0,0.0,0.0,1.0,0.0,0.0,0.0,0.0,0.0,0.0,0.0,0.0,0.0,0.0,0.0,5.0,0.0,0.0,0.0,0.0,0.0,0.0,0.0,0.0,0.0,1.0,0.0,0.0,0.0,0.0,0.0,0.0,0.0,0.0
MARSHALL ISLANDS,Australia & Pacific Islands,Micronesia,5.0,4.0,1.0,0.0,5.0,0.0,0.0,0.0,0.0,0.0,0.0,0.0,0.0,0.0,0.0,0.0,0.0,0.0,0.0,0.0,1.0,0.0,0.0,0.0,0.0,0.0,4.0,0.0,0.0,0.0,0.0,0.0,0.0,0.0,0.0,0.0,0.0,0.0,0.0,0.0,0.0,0.0,0.0,0.0,0.0,0.0,0.0,0.0,0.0,0.0,0.0,0.0,0.0,0.0,0.0,0.0,0.0,0.0,0.0,0.0,0.0,0.0,0.0,0.0,0.0,0.0,0.0,0.0,0.0
MARTINIQUE,North America,Caribbean,10.0,6.0,4.0,2.0,1.0,0.0,0.0,0.0,4.0,0.0,1.0,0.0,0.0,2.0,0.0,0.0,0.0,0.0,2.0,0.0,0.0,0.0,0.0,3.0,1.0,0.0,0.0,0.0,0.0,0.0,0.0,0.0,0.0,2.0,0.0,0.0,0.0,0.0,0.0,0.0,0.0,0.0,0.0,1.0,0.0,0.0,0.0,0.0,0.0,0.0,0.0,0.0,0.0,0.0,0.0,0.0,0.0,0.0,0.0,0.0,0.0,1.0,0.0,0.0,0.0,0.0,0.0,0.0,0.0
MAURITANIA,Africa,Western Africa,117.0,93.0,24.0,30.0,35.0,5.0,0.0,0.0,29.0,16.0,1.0,0.0,0.0,1.0,0.0,2.0,0.0,4.0,2.0,8.0,0.0,3.0,0.0,6.0,5.0,0.0,0.0,1.0,0.0,0.0,3.0,1.0,5.0,2.0,9.0,3.0,0.0,0.0,5.0,0.0,0.0,1.0,1.0,0.0,0.0,0.0,0.0,0.0,0.0,0.0,13.0,11.0,0.0,0.0,4.0,0.0,0.0,0.0,0.0,0.0,8.0,0.0,17.0,0.0,1.0,0.0,0.0,2.0,0.0
MAURITIUS,Africa,Eastern Africa,240.0,127.0,113.0,17.0,147.0,35.0,1.0,0.0,1.0,29.0,6.0,2.0,1.0,1.0,0.0,1.0,0.0,2.0,20.0,0.0,6.0,3.0,2.0,23.0,2.0,0.0,0.0,5.0,0.0,11.0,6.0,2.0,1.0,1.0,22.0,0.0,3.0,3.0,4.0,4.0,0.0,2.0,2.0,5.0,0.0,1.0,1.0,7.0,1.0,0.0,42.0,4.0,4.0,4.0,20.0,0.0,3.0,0.0,2.0,1.0,6.0,5.0,1.0,0.0,2.0,5.0,1.0,0.0,0.0
MAYOTTE,Africa,Eastern Africa,0.0,0.0,0.0,0.0,0.0,0.0,0.0,0.0,0.0,0.0,0.0,0.0,0.0,0.0,0.0,0.0,0.0,0.0,0.0,0.0,0.0,0.0,0.0,0.0,0.0,0.0,0.0,0.0,0.0,0.0,0.0,0.0,0.0,0.0,0.0,0.0,0.0,0.0,0.0,0.0,0.0,0.0,0.0,0.0,0.0,0.0,0.0,0.0,0.0,0.0,0.0,0.0,0.0,0.0,0.0,0.0,0.0,0.0,0.0,0.0,0.0,0.0,0.0,0.0,0.0,0.0,0.0,0.0,0.0
MEXICO,North America,Central America,17453.0,9600.0,7852.0,1833.0,6084.0,1456.0,115.0,2.0,1004.0,2622.0,526.0,91.0,1287.0,2433.0,2.0,32.0,67.0,634.0,2159.0,177.0,174.0,127.0,12.0,732.0,198.0,6.0,24.0,77.0,115.0,469.0,217.0,70.0,33.0,69.0,929.0,98.0,16.0,229.0,102.0,173.0,0.0,20.0,7.0,159.0,11.0,52.0,76.0,112.0,392.0,27.0,1129.0,152.0,144.0,106.0,321.0,41.0,133.0,51.0,8.0,66.0,6585.0,389.0,135.0,0.0,34.0,132.0,200.0,23.0,7.0
"MICRONESIA, FEDERATED STATES OF",Australia & Pacific Islands,Micronesia,1.0,1.0,0.0,1.0,0.0,0.0,0.0,0.0,0.0,0.0,0.0,0.0,0.0,0.0,0.0,0.0,0.0,0.0,0.0,0.0,0.0,0.0,0.0,0.0,0.0,0.0,0.0,0.0,0.0,0.0,0.0,0.0,0.0,0.0,0.0,0.0,0.0,0.0,0.0,0.0,0.0,0.0,0.0,0.0,0.0,0.0,0.0,0.0,1.0,0.0,0.0,0.0,0.0,0.0,0.0,0.0,0.0,0.0,0.0,0.0,0.0,0.0,0.0,0.0,0.0,0.0,0.0,0.0,0.0
MOLDOVA,Europe,Eastern Europe,379.0,146.0,233.0,82.0,122.0,41.0,0.0,0.0,44.0,67.0,13.0,2.0,0.0,8.0,1.0,3.0,0.0,2.0,33.0,7.0,2.0,5.0,1.0,9.0,9.0,0.0,0.0,7.0,1.0,46.0,5.0,4.0,2.0,8.0,18.0,7.0,2.0,4.0,28.0,10.0,0.0,5.0,0.0,14.0,0.0,0.0,1.0,7.0,0.0,1.0,42.0,12.0,1.0,3.0,14.0,0.0,0.0,7.0,1.0,4.0,19.0,4.0,17.0,0.0,0.0,10.0,2.0,1.0,0.0
MONACO,Europe,Western Europe,20.0,9.0,11.0,2.0,6.0,0.0,0.0,0.0,3.0,4.0,3.0,1.0,0.0,1.0,0.0,0.0,0.0,0.0,5.0,0.0,0.0,0.0,0.0,1.0,0.0,0.0,0.0,0.0,0.0,0.0,1.0,0.0,0.0,0.0,3.0,0.0,0.0,0.0,0.0,0.0,0.0,0.0,0.0,0.0,0.0,0.0,0.0,0.0,0.0,0.0,7.0,0.0,0.0,0.0,0.0,0.0,0.0,0.0,0.0,0.0,2.0,0.0,1.0,0.0,0.0,0.0,0.0,0.0,0.0
MONGOLIA,Asia,Eastern Asia,2993.0,1204.0,1788.0,363.0,893.0,68.0,5.0,0.0,789.0,725.0,93.0,1.0,4.0,51.0,19.0,3.0,10.0,12.0,722.0,117.0,14.0,91.0,3.0,22.0,10.0,0.0,12.0,64.0,5.0,388.0,21.0,16.0,28.0,4.0,109.0,9.0,0.0,25.0,59.0,151.0,0.0,1.0,3.0,6.0,21.0,8.0,2.0,10.0,2.0,5.0,95.0,10.0,6.0,13.0,32.0,0.0,4.0,5.0,9.0,2.0,35.0,65.0,549.0,0.0,1.0,172.0,18.0,3.0,2.0
MONTENEGRO,Europe,Southern Europe,178.0,101.0,77.0,28.0,74.0,14.0,0.0,0.0,16.0,21.0,4.0,0.0,0.0,21.0,0.0,0.0,1.0,4.0,17.0,1.0,0.0,0.0,1.0,12.0,8.0,0.0,1.0,1.0,2.0,12.0,1.0,2.0,1.0,1.0,11.0,7.0,5.0,7.0,5.0,3.0,0.0,1.0,0.0,7.0,0.0,3.0,2.0,1.0,0.0,0.0,30.0,1.0,3.0,1.0,4.0,0.0,2.0,2.0,0.0,4.0,2.0,0.0,3.0,0.0,1.0,4.0,2.0,1.0,1.0
MONTSERRAT,North America,Caribbean,2.0,1.0,1.0,1.0,1.0,0.0,0.0,0.0,0.0,0.0,0.0,0.0,0.0,0.0,0.0,0.0,0.0,0.0,0.0,0.0,0.0,0.0,0.0,1.0,0.0,0.0,0.0,0.0,0.0,0.0,0.0,0.0,0.0,0.0,1.0,0.0,0.0,0.0,0.0,0.0,0.0,0.0,0.0,0.0,0.0,0.0,0.0,0.0,0.0,0.0,0.0,0.0,0.0,0.0,0.0,0.0,0.0,0.0,0.0,0.0,0.0,0.0,0.0,0.0,0.0,0.0,0.0,0.0,0.0
MOROCCO,Africa,Northern Africa,1836.0,1092.0,743.0,420.0,640.0,80.0,1.0,0.0,234.0,353.0,92.0,3.0,0.0,13.0,0.0,10.0,11.0,14.0,257.0,22.0,15.0,27.0,5.0,223.0,20.0,0.0,2.0,8.0,1.0,88.0,16.0,8.0,7.0,10.0,185.0,27.0,3.0,12.0,21.0,20.0,0.0,25.0,3.0,47.0,2.0,6.0,47.0,37.0,4.0,6.0,224.0,23.0,24.0,7.0,80.0,0.0,35.0,11.0,3.0,4.0,97.0,1.0,97.0,0.0,3.0,18.0,6.0,11.0,3.0
MOZAMBIQUE,Africa,Eastern Africa,120.0,66.0,54.0,18.0,59.0,15.0,0.0,0.0,6.0,15.0,5.0,2.0,0.0,0.0,0.0,0.0,0.0,1.0,9.0,1.0,3.0,0.0,0.0,11.0,2.0,0.0,0.0,0.0,1.0,4.0,6.0,4.0,0.0,0.0,10.0,1.0,0.0,4.0,1.0,4.0,0.0,1.0,0.0,1.0,0.0,1.0,1.0,1.0,0.0,0.0,18.0,1.0,2.0,2.0,7.0,0.0,1.0,0.0,0.0,2.0,11.0,1.0,1.0,0.0,0.0,2.0,1.0,3.0,1.0
NAMIBIA,Africa,Southern Africa,82.0,34.0,48.0,10.0,43.0,3.0,2.0,0.0,0.0,18.0,0.0,2.0,0.0,4.0,0.0,2.0,1.0,0.0,4.0,1.0,2.0,1.0,0.0,6.0,0.0,0.0,0.0,6.0,2.0,1.0,0.0,1.0,1.0,0.0,7.0,3.0,0.0,7.0,4.0,3.0,0.0,0.0,0.0,1.0,0.0,0.0,0.0,4.0,1.0,0.0,3.0,0.0,5.0,1.0,0.0,0.0,0.0,1.0,0.0,0.0,5.0,4.0,3.0,0.0,0.0,2.0,0.0,0.0,0.0
NEPAL,Asia,Southern Asia,12671.0,8424.0,4246.0,1923.0,4855.0,1981.0,4.0,0.0,174.0,3641.0,53.0,10.0,5.0,25.0,2.0,237.0,128.0,26.0,521.0,125.0,132.0,130.0,95.0,263.0,134.0,0.0,22.0,427.0,174.0,276.0,95.0,183.0,68.0,627.0,438.0,207.0,31.0,251.0,710.0,608.0,2.0,272.0,19.0,113.0,77.0,154.0,84.0,123.0,147.0,68.0,519.0,500.0,781.0,45.0,312.0,4.0,73.0,68.0,173.0,147.0,2236.0,113.0,361.0,0.0,25.0,129.0,112.0,60.0,44.0
NETHERLANDS,Europe,Western Europe,2352.0,1225.0,1127.0,327.0,1031.0,258.0,58.0,0.0,184.0,255.0,116.0,44.0,5.0,74.0,4.0,17.0,7.0,56.0,367.0,31.0,22.0,9.0,8.0,394.0,35.0,0.0,19.0,41.0,5.0,67.0,20.0,16.0,10.0,19.0,149.0,16.0,8.0,66.0,22.0,58.0,0.0,6.0,11.0,38.0,5.0,3.0,9.0,30.0,11.0,2.0,377.0,44.0,10.0,12.0,67.0,15.0,14.0,40.0,11.0,14.0,60.0,8.0,36.0,0.0,12.0,31.0,11.0,3.0,6.0
NETHERLANDS ANTILLES,North America,Caribbean,11.0,5.0,6.0,2.0,5.0,0.0,0.0,0.0,0.0,4.0,0.0,0.0,0.0,0.0,0.0,2.0,0.0,0.0,0.0,0.0,0.0,0.0,0.0,6.0,0.0,0.0,0.0,0.0,0.0,0.0,0.0,0.0,0.0,0.0,0.0,0.0,0.0,0.0,0.0,0.0,0.0,0.0,0.0,0.0,0.0,0.0,0.0,0.0,0.0,0.0,1.0,0.0,0.0,0.0,0.0,0.0,0.0,0.0,0.0,0.0,1.0,0.0,0.0,1.0,0.0,0.0,0.0,0.0,0.0
NEW CALEDONIA,Australia & Pacific Islands,Melanesia,8.0,2.0,6.0,2.0,3.0,0.0,0.0,0.0,0.0,3.0,0.0,0.0,0.0,0.0,0.0,1.0,0.0,0.0,1.0,0.0,0.0,0.0,0.0,1.0,0.0,0.0,0.0,0.0,0.0,1.0,1.0,0.0,0.0,0.0,0.0,0.0,0.0,0.0,0.0,0.0,0.0,0.0,0.0,2.0,0.0,0.0,0.0,0.0,0.0,0.0,0.0,0.0,0.0,0.0,0.0,0.0,0.0,0.0,0.0,0.0,0.0,0.0,0.0,0.0,0.0,0.0,0.0,1.0,0.0
NEW ZEALAND,Australia & Pacific Islands,Oceania,1561.0,860.0,701.0,98.0,891.0,171.0,5.0,0.0,2.0,239.0,65.0,26.0,8.0,56.0,4.0,9.0,5.0,20.0,280.0,11.0,28.0,11.0,2.0,64.0,24.0,0.0,20.0,16.0,10.0,54.0,28.0,17.0,16.0,20.0,118.0,18.0,6.0,29.0,8.0,31.0,0.0,8.0,1.0,52.0,2.0,11.0,9.0,35.0,7.0,5.0,212.0,39.0,18.0,27.0,71.0,0.0,22.0,12.0,0.0,12.0,47.0,26.0,27.0,0.0,3.0,29.0,10.0,18.0,9.0
NICARAGUA,North America,Central America,401.0,193.0,208.0,34.0,216.0,28.0,1.0,0.0,32.0,54.0,14.0,2.0,5.0,15.0,0.0,0.0,30.0,0.0,25.0,1.0,3.0,7.0,0.0,54.0,10.0,1.0,0.0,3.0,2.0,10.0,15.0,4.0,1.0,22.0,14.0,4.0,6.0,5.0,5.0,11.0,0.0,4.0,0.0,7.0,0.0,6.0,0.0,6.0,1.0,0.0,17.0,10.0,3.0,2.0,31.0,2.0,1.0,2.0,0.0,3.0,46.0,7.0,9.0,0.0,1.0,7.0,1.0,2.0,0.0
NIGER,Africa,Western Africa,182.0,106.0,76.0,39.0,79.0,9.0,0.0,0.0,29.0,21.0,2.0,0.0,0.0,3.0,0.0,1.0,32.0,1.0,4.0,0.0,0.0,3.0,2.0,14.0,10.0,0.0,0.0,2.0,1.0,3.0,5.0,1.0,1.0,1.0,6.0,6.0,0.0,4.0,5.0,0.0,0.0,1.0,0.0,7.0,0.0,3.0,1.0,4.0,2.0,1.0,17.0,4.0,9.0,1.0,12.0,0.0,0.0,1.0,1.0,1.0,8.0,0.0,3.0,0.0,1.0,1.0,0.0,2.0,0.0
NIGERIA,Africa,Western Africa,13610.0,7830.0,5774.0,1556.0,5396.0,1196.0,87.0,3.0,139.0,4376.0,402.0,38.0,31.0,386.0,5.0,226.0,151.0,76.0,621.0,93.0,118.0,272.0,36.0,730.0,468.0,0.0,1.0,145.0,71.0,579.0,248.0,219.0,252.0,312.0,631.0,749.0,18.0,337.0,340.0,232.0,0.0,104.0,23.0,245.0,66.0,61.0,49.0,239.0,48.0,13.0,747.0,334.0,429.0,28.0,527.0,1.0,38.0,128.0,71.0,328.0,2362.0,93.0,355.0,0.0,31.0,88.0,97.0,151.0,24.0
NIUE,Australia & Pacific Islands,Polynesia,5.0,2.0,3.0,1.0,1.0,3.0,0.0,0.0,0.0,0.0,0.0,0.0,0.0,0.0,0.0,0.0,0.0,0.0,0.0,0.0,0.0,0.0,0.0,0.0,0.0,0.0,0.0,0.0,0.0,0.0,0.0,0.0,0.0,0.0,0.0,0.0,0.0,0.0,0.0,0.0,0.0,0.0,0.0,0.0,0.0,3.0,0.0,0.0,0.0,0.0,0.0,0.0,0.0,0.0,0.0,0.0,0.0,0.0,0.0,0.0,2.0,0.0,0.0,0.0,0.0,0.0,0.0,0.0,0.0
NORTH KOREA,Asia,Eastern Asia,18.0,7.0,11.0,2.0,11.0,2.0,0.0,0.0,1.0,2.0,0.0,0.0,0.0,0.0,0.0,0.0,0.0,0.0,2.0,0.0,0.0,0.0,1.0,0.0,0.0,0.0,1.0,0.0,0.0,1.0,5.0,0.0,4.0,0.0,0.0,0.0,0.0,1.0,0.0,0.0,0.0,0.0,0.0,0.0,0.0,0.0,0.0,0.0,0.0,0.0,0.0,1.0,0.0,0.0,0.0,0.0,0.0,0.0,0.0,0.0,0.0,0.0,2.0,0.0,0.0,0.0,0.0,0.0,0.0
NORWAY,Europe,Northern Europe,2888.0,1309.0,1579.0,167.0,1531.0,87.0,10.0,3.0,45.0,316.0,448.0,64.0,6.0,211.0,7.0,10.0,7.0,39.0,857.0,74.0,36.0,11.0,1.0,185.0,41.0,0.0,113.0,12.0,10.0,46.0,19.0,5.0,9.0,11.0,168.0,5.0,3.0,31.0,91.0,38.0,0.0,5.0,15.0,45.0,35.0,5.0,9.0,11.0,17.0,6.0,495.0,14.0,20.0,36.0,49.0,0.0,11.0,22.0,20.0,20.0,55.0,37.0,24.0,0.0,11.0,70.0,15.0,8.0,4.0
OMAN,Asia,Western Asia,3063.0,2243.0,820.0,94.0,2253.0,64.0,3.0,1.0,454.0,89.0,85.0,4.0,0.0,16.0,0.0,8.0,3.0,40.0,276.0,143.0,3.0,27.0,12.0,342.0,6.0,0.0,1.0,42.0,9.0,9.0,28.0,1.0,136.0,153.0,20.0,3.0,0.0,118.0,85.0,42.0,0.0,29.0,0.0,38.0,15.0,305.0,4.0,6.0,10.0,1.0,28.0,234.0,145.0,111.0,123.0,0.0,1.0,92.0,2.0,33.0,120.0,15.0,11.0,0.0,2.0,139.0,4.0,88.0,0.0
PAKISTAN,Asia,Southern Asia,6052.0,4410.0,1642.0,755.0,2256.0,742.0,11.0,0.0,240.0,1769.0,235.0,8.0,3.0,33.0,3.0,29.0,30.0,45.0,442.0,67.0,78.0,81.0,34.0,299.0,157.0,0.0,3.0,90.0,11.0,408.0,144.0,105.0,62.0,22.0,541.0,70.0,19.0,143.0,160.0,70.0,0.0,12.0,2.0,63.0,17.0,9.0,59.0,116.0,20.0,7.0,686.0,140.0,71.0,31.0,198.0,0.0,31.0,13.0,8.0,33.0,947.0,31.0,253.0,0.0,22.0,62.0,57.0,47.0,4.0
PALAU,Australia & Pacific Islands,Micronesia,0.0,0.0,0.0,0.0,0.0,0.0,0.0,0.0,0.0,0.0,0.0,0.0,0.0,0.0,0.0,0.0,0.0,0.0,0.0,0.0,0.0,0.0,0.0,0.0,0.0,0.0,0.0,0.0,0.0,0.0,0.0,0.0,0.0,0.0,0.0,0.0,0.0,0.0,0.0,0.0,0.0,0.0,0.0,0.0,0.0,0.0,0.0,0.0,0.0,0.0,0.0,0.0,0.0,0.0,0.0,0.0,0.0,0.0,0.0,0.0,0.0,0.0,0.0,0.0,0.0,0.0,0.0,0.0,0.0
PANAMA,North America,Central America,1920.0,952.0,967.0,78.0,1157.0,53.0,55.0,3.0,346.0,152.0,27.0,9.0,1.0,39.0,1.0,7.0,178.0,8.0,127.0,12.0,9.0,83.0,1.0,264.0,92.0,0.0,2.0,4.0,2.0,74.0,45.0,5.0,80.0,56.0,173.0,17.0,4.0,45.0,3.0,110.0,0.0,10.0,1.0,13.0,1.0,2.0,2.0,9.0,1.0,14.0,93.0,12.0,36.0,2.0,105.0,11.0,21.0,4.0,1.0,12.0,121.0,8.0,21.0,0.0,1.0,9.0,4.0,1.0,3.0
PAPUA NEW GUINEA,Australia & Pacific Islands,Melanesia,180.0,105.0,75.0,25.0,96.0,2.0,7.0,0.0,0.0,13.0,7.0,0.0,2.0,28.0,1.0,1.0,1.0,1.0,8.0,0.0,0.0,0.0,0.0,31.0,3.0,0.0,1.0,2.0,1.0,3.0,5.0,3.0,22.0,0.0,0.0,1.0,0.0,13.0,2.0,3.0,0.0,0.0,0.0,0.0,0.0,5.0,0.0,0.0,1.0,0.0,2.0,39.0,5.0,0.0,2.0,0.0,0.0,1.0,0.0,0.0,13.0,1.0,4.0,0.0,1.0,0.0,0.0,4.0,0.0
PARAGUAY,South America,South America,618.0,321.0,297.0,53.0,344.0,26.0,1.0,0.0,75.0,67.0,23.0,1.0,1.0,27.0,0.0,2.0,0.0,3.0,68.0,8.0,1.0,8.0,0.0,57.0,10.0,0.0,0.0,4.0,0.0,11.0,4.0,165.0,10.0,6.0,45.0,9.0,1.0,2.0,3.0,10.0,0.0,0.0,0.0,8.0,2.0,0.0,2.0,13.0,0.0,1.0,56.0,4.0,5.0,4.0,36.0,2.0,1.0,1.0,0.0,3.0,27.0,8.0,10.0,0.0,1.0,5.0,1.0,1.0,0.0
PERU,South America,South America,3225.0,1652.0,1573.0,322.0,909.0,393.0,85.0,1.0,584.0,742.0,117.0,16.0,14.0,42.0,1.0,10.0,15.0,125.0,336.0,37.0,32.0,52.0,1.0,400.0,46.0,0.0,8.0,12.0,22.0,131.0,48.0,41.0,10.0,17.0,258.0,52.0,2.0,60.0,41.0,29.0,0.0,14.0,1.0,71.0,3.0,9.0,16.0,74.0,9.0,8.0,427.0,26.0,16.0,22.0,89.0,73.0,13.0,13.0,0.0,26.0,208.0,156.0,98.0,0.0,8.0,27.0,23.0,8.0,1.0
PHILIPPINES,Asia,South-Eastern Asia,4432.0,1925.0,2507.0,665.0,1219.0,399.0,15.0,1.0,536.0,992.0,497.0,27.0,23.0,58.0,4.0,27.0,6.0,41.0,1457.0,13.0,42.0,38.0,7.0,119.0,39.0,5.0,42.0,37.0,5.0,208.0,36.0,19.0,7.0,20.0,169.0,96.0,5.0,52.0,16.0,23.0,18.0,3.0,4.0,32.0,5.0,14.0,4.0,159.0,11.0,45.0,956.0,114.0,13.0,22.0,78.0,0.0,18.0,10.0,2.0,16.0,164.0,46.0,57.0,2.0,6.0,61.0,32.0,5.0,2.0
POLAND,Europe,Eastern Europe,2522.0,1003.0,1519.0,317.0,549.0,260.0,4.0,0.0,767.0,303.0,229.0,9.0,7.0,77.0,0.0,11.0,8.0,11.0,207.0,19.0,41.0,21.0,6.0,87.0,26.0,0.0,5.0,11.0,9.0,573.0,20.0,12.0,3.0,8.0,105.0,15.0,4.0,75.0,44.0,31.0,0.0,7.0,2.0,27.0,3.0,5.0,4.0,227.0,9.0,2.0,566.0,29.0,5.0,11.0,86.0,0.0,6.0,6.0,2.0,12.0,53.0,10.0,50.0,0.0,3.0,14.0,24.0,4.0,3.0
PORTUGAL,Europe,Southern Europe,1039.0,583.0,456.0,118.0,372.0,151.0,15.0,0.0,55.0,173.0,85.0,25.0,3.0,42.0,0.0,4.0,0.0,8.0,195.0,10.0,11.0,14.0,4.0,110.0,23.0,0.0,7.0,1.0,4.0,35.0,28.0,5.0,6.0,3.0,85.0,16.0,2.0,19.0,5.0,9.0,0.0,8.0,3.0,16.0,0.0,3.0,6.0,26.0,4.0,3.0,143.0,14.0,10.0,9.0,35.0,0.0,12.0,3.0,1.0,13.0,37.0,16.0,23.0,0.0,2.0,42.0,5.0,0.0,1.0
QATAR,Asia,Western Asia,1600.0,1501.0,99.0,370.0,796.0,25.0,6.0,0.0,186.0,47.0,165.0,0.0,1.0,4.0,0.0,4.0,0.0,305.0,387.0,118.0,38.0,63.0,2.0,162.0,2.0,0.0,0.0,6.0,5.0,26.0,16.0,6.0,3.0,8.0,31.0,9.0,1.0,9.0,3.0,2.0,0.0,1.0,1.0,5.0,0.0,4.0,3.0,1.0,28.0,5.0,43.0,15.0,5.0,104.0,33.0,0.0,0.0,1.0,0.0,6.0,64.0,16.0,38.0,0.0,1.0,13.0,2.0,5.0,0.0
ROMANIA,Europe,Eastern Europe,1335.0,564.0,771.0,145.0,414.0,352.0,3.0,0.0,95.0,223.0,63.0,5.0,4.0,31.0,0.0,6.0,5.0,21.0,151.0,10.0,26.0,15.0,7.0,66.0,25.0,0.0,2.0,11.0,5.0,147.0,17.0,10.0,8.0,21.0,124.0,19.0,7.0,46.0,5.0,16.0,0.0,6.0,1.0,33.0,2.0,3.0,5.0,41.0,3.0,4.0,160.0,53.0,8.0,7.0,60.0,1.0,14.0,8.0,0.0,16.0,68.0,8.0,32.0,0.0,4.0,14.0,9.0,5.0,0.0
RUSSIA,Europe,Eastern Europe,6964.0,3018.0,3945.0,739.0,2075.0,1039.0,16.0,2.0,772.0,1218.0,454.0,26.0,58.0,565.0,40.0,17.0,22.0,35.0,1404.0,77.0,117.0,62.0,32.0,596.0,87.0,1.0,19.0,38.0,11.0,319.0,70.0,39.0,32.0,34.0,678.0,79.0,32.0,120.0,78.0,60.0,0.0,23.0,8.0,94.0,11.0,26.0,36.0,144.0,16.0,31.0,1215.0,104.0,57.0,47.0,269.0,3.0,35.0,35.0,5.0,37.0,205.0,75.0,140.0,0.0,19.0,117.0,62.0,30.0,21.0
RWANDA,Africa,Eastern Africa,1379.0,747.0,631.0,118.0,701.0,98.0,0.0,0.0,11.0,165.0,8.0,1.0,4.0,273.0,2.0,8.0,106.0,13.0,67.0,6.0,23.0,9.0,2.0,29.0,39.0,0.0,0.0,76.0,5.0,29.0,34.0,8.0,51.0,6.0,60.0,13.0,17.0,30.0,41.0,29.0,0.0,18.0,2.0,14.0,3.0,19.0,17.0,2.0,4.0,0.0,65.0,29.0,111.0,31.0,61.0,0.0,7.0,6.0,3.0,24.0,89.0,67.0,42.0,0.0,10.0,17.0,10.0,22.0,3.0
SAINT BARTHELEMY,North America,Caribbean,3.0,1.0,2.0,1.0,2.0,0.0,0.0,0.0,0.0,0.0,0.0,0.0,0.0,0.0,0.0,0.0,0.0,0.0,0.0,0.0,1.0,0.0,0.0,1.0,0.0,0.0,0.0,0.0,0.0,0.0,0.0,0.0,0.0,0.0,0.0,0.0,0.0,0.0,0.0,0.0,0.0,0.0,0.0,0.0,0.0,0.0,0.0,0.0,0.0,0.0,0.0,0.0,1.0,0.0,0.0,0.0,0.0,0.0,0.0,0.0,0.0,0.0,0.0,0.0,0.0,0.0,0.0,0.0,0.0
SAINT KITTS AND NEVIS,North America,Caribbean,253.0,100.0,153.0,19.0,189.0,11.0,0.0,0.0,0.0,26.0,2.0,0.0,1.0,5.0,0.0,1.0,0.0,2.0,13.0,0.0,3.0,3.0,0.0,25.0,2.0,0.0,0.0,0.0,1.0,4.0,3.0,1.0,0.0,0.0,3.0,4.0,0.0,3.0,0.0,4.0,0.0,0.0,0.0,0.0,0.0,1.0,1.0,1.0,0.0,0.0,34.0,2.0,19.0,0.0,1.0,0.0,0.0,1.0,0.0,0.0,58.0,2.0,4.0,54.0,0.0,0.0,1.0,0.0,2.0
SAINT LUCIA,North America,Caribbean,332.0,134.0,198.0,44.0,175.0,45.0,1.0,0.0,0.0,61.0,2.0,1.0,0.0,3.0,0.0,6.0,2.0,1.0,5.0,4.0,3.0,1.0,0.0,50.0,4.0,0.0,0.0,2.0,0.0,30.0,5.0,0.0,5.0,26.0,10.0,12.0,0.0,6.0,3.0,4.0,0.0,2.0,1.0,0.0,0.0,1.0,0.0,11.0,1.0,0.0,51.0,5.0,9.0,0.0,4.0,2.0,0.0,2.0,0.0,1.0,50.0,2.0,10.0,1.0,0.0,0.0,0.0,0.0,0.0
SAINT MARTIN,North America,Caribbean,42.0,15.0,27.0,6.0,33.0,0.0,0.0,0.0,0.0,1.0,0.0,0.0,0.0,2.0,0.0,0.0,0.0,0.0,0.0,0.0,0.0,0.0,0.0,24.0,0.0,0.0,0.0,0.0,0.0,0.0,0.0,0.0,0.0,1.0,0.0,0.0,0.0,0.0,0.0,1.0,0.0,0.0,0.0,0.0,0.0,0.0,0.0,0.0,0.0,0.0,3.0,1.0,0.0,0.0,0.0,0.0,8.0,0.0,0.0,0.0,1.0,0.0,3.0,0.0,0.0,0.0,0.0,0.0,0.0
SAINT VINCENT AND THE GRENADINES,North America,Caribbean,107.0,44.0,63.0,28.0,55.0,7.0,1.0,0.0,0.0,12.0,1.0,1.0,0.0,2.0,0.0,6.0,2.0,1.0,2.0,0.0,0.0,0.0,0.0,16.0,1.0,0.0,0.0,1.0,0.0,2.0,0.0,3.0,0.0,1.0,1.0,3.0,0.0,2.0,2.0,1.0,0.0,0.0,1.0,4.0,0.0,0.0,0.0,0.0,0.0,0.0,33.0,0.0,1.0,0.0,3.0,3.0,0.0,3.0,0.0,1.0,7.0,0.0,1.0,1.0,1.0,1.0,1.0,2.0,0.0
SAMOA,Australia & Pacific Islands,Polynesia,14.0,7.0,7.0,0.0,13.0,0.0,0.0,0.0,0.0,1.0,0.0,0.0,0.0,0.0,0.0,0.0,0.0,1.0,0.0,0.0,0.0,0.0,0.0,0.0,0.0,2.0,5.0,0.0,0.0,0.0,0.0,0.0,0.0,0.0,0.0,0.0,0.0,0.0,0.0,0.0,0.0,0.0,0.0,0.0,0.0,0.0,0.0,0.0,1.0,0.0,0.0,0.0,1.0,2.0,0.0,0.0,0.0,0.0,0.0,0.0,1.0,1.0,0.0,0.0,0.0,0.0,0.0,0.0,0.0
SAN MARINO,Europe,Southern Europe,4.0,0.0,4.0,0.0,3.0,0.0,0.0,0.0,1.0,0.0,0.0,0.0,0.0,0.0,0.0,0.0,0.0,0.0,2.0,0.0,0.0,0.0,0.0,0.0,0.0,0.0,0.0,0.0,0.0,0.0,0.0,0.0,0.0,0.0,0.0,0.0,0.0,2.0,0.0,0.0,0.0,0.0,0.0,0.0,0.0,0.0,0.0,0.0,0.0,0.0,0.0,0.0,0.0,0.0,0.0,0.0,0.0,0.0,0.0,0.0,0.0,0.0,0.0,0.0,0.0,0.0,0.0,0.0,0.0
SAO TOME AND PRINCIPE,Africa,Central Africa,5.0,2.0,3.0,0.0,1.0,0.0,1.0,0.0,1.0,2.0,0.0,0.0,0.0,0.0,0.0,0.0,0.0,0.0,1.0,0.0,0.0,0.0,0.0,1.0,0.0,0.0,0.0,0.0,0.0,1.0,0.0,0.0,0.0,0.0,0.0,0.0,0.0,0.0,0.0,0.0,0.0,0.0,0.0,0.0,0.0,0.0,0.0,0.0,0.0,0.0,0.0,0.0,0.0,0.0,0.0,0.0,0.0,0.0,0.0,0.0,2.0,0.0,0.0,0.0,0.0,0.0,0.0,0.0,0.0
SAUDI ARABIA,Asia,Western Asia,71655.0,55260.0,16378.0,4108.0,34156.0,3625.0,329.0,1.0,16984.0,10926.0,1415.0,10.0,22.0,80.0,8.0,879.0,743.0,1886.0,9159.0,1514.0,1153.0,1392.0,162.0,3058.0,966.0,0.0,40.0,517.0,991.0,2427.0,2733.0,1198.0,1462.0,794.0,2757.0,1300.0,56.0,2963.0,819.0,1836.0,0.0,296.0,418.0,955.0,87.0,296.0,151.0,573.0,142.0,21.0,2026.0,4815.0,1333.0,1936.0,4010.0,0.0,331.0,259.0,166.0,2240.0,3900.0,887.0,1821.0,0.0,43.0,2132.0,1166.0,781.0,57.0
SENEGAL,Africa,Western Africa,750.0,436.0,314.0,172.0,323.0,50.0,1.0,0.0,70.0,84.0,10.0,0.0,3.0,37.0,0.0,5.0,4.0,4.0,32.0,13.0,18.0,9.0,5.0,60.0,23.0,0.0,0.0,2.0,4.0,17.0,17.0,6.0,11.0,17.0,39.0,39.0,2.0,13.0,15.0,14.0,0.0,1.0,0.0,14.0,3.0,2.0,4.0,18.0,5.0,3.0,107.0,36.0,13.0,7.0,24.0,0.0,1.0,9.0,0.0,10.0,71.0,2.0,28.0,0.0,3.0,9.0,7.0,3.0,1.0
SERBIA,Europe,Southern Europe,1503.0,839.0,664.0,175.0,710.0,196.0,0.0,0.0,82.0,195.0,31.0,6.0,0.0,108.0,1.0,14.0,9.0,16.0,131.0,13.0,26.0,20.0,2.0,103.0,30.0,0.0,8.0,26.0,6.0,113.0,22.0,24.0,13.0,19.0,61.0,13.0,21.0,17.0,22.0,76.0,0.0,11.0,4.0,30.0,9.0,14.0,6.0,34.0,7.0,2.0,155.0,36.0,40.0,7.0,82.0,0.0,12.0,21.0,2.0,23.0,75.0,10.0,44.0,0.0,6.0,20.0,13.0,16.0,18.0
SERBIA AND MONTENEGRO,Europe,Southern Europe,2.0,2.0,0.0,0.0,0.0,2.0,0.0,0.0,0.0,0.0,0.0,0.0,0.0,0.0,0.0,0.0,0.0,0.0,1.0,0.0,0.0,0.0,0.0,0.0,0.0,0.0,0.0,0.0,0.0,0.0,0.0,0.0,0.0,0.0,0.0,0.0,0.0,0.0,0.0,0.0,0.0,0.0,0.0,0.0,0.0,0.0,0.0,0.0,0.0,0.0,0.0,0.0,0.0,0.0,0.0,0.0,0.0,0.0,0.0,0.0,0.0,0.0,0.0,0.0,0.0,1.0,0.0,0.0,0.0
SEYCHELLES,Africa,Eastern Africa,15.0,9.0,6.0,0.0,5.0,2.0,2.0,0.0,0.0,5.0,1.0,0.0,0.0,0.0,0.0,0.0,0.0,0.0,2.0,0.0,0.0,0.0,0.0,3.0,1.0,0.0,0.0,0.0,0.0,1.0,0.0,0.0,0.0,0.0,0.0,0.0,0.0,0.0,0.0,0.0,0.0,0.0,0.0,2.0,0.0,0.0,1.0,1.0,0.0,0.0,2.0,0.0,1.0,0.0,0.0,0.0,0.0,0.0,0.0,0.0,0.0,0.0,0.0,0.0,0.0,1.0,0.0,0.0,0.0
SIERRA LEONE,Africa,Western Africa,165.0,98.0,67.0,34.0,70.0,14.0,0.0,0.0,0.0,31.0,1.0,0.0,4.0,11.0,0.0,4.0,1.0,0.0,17.0,0.0,0.0,4.0,1.0,4.0,2.0,0.0,0.0,4.0,1.0,4.0,4.0,1.0,1.0,2.0,15.0,10.0,3.0,5.0,5.0,2.0,0.0,0.0,0.0,7.0,0.0,0.0,1.0,5.0,0.0,0.0,13.0,5.0,6.0,1.0,6.0,0.0,2.0,1.0,0.0,1.0,12.0,0.0,8.0,0.0,1.0,1.0,4.0,1.0,0.0
SINGAPORE,Asia,South-Eastern Asia,4401.0,2259.0,2142.0,160.0,2416.0,721.0,29.0,0.0,4.0,813.0,160.0,24.0,2.0,72.0,0.0,4.0,6.0,36.0,949.0,25.0,95.0,40.0,0.0,67.0,65.0,0.0,8.0,11.0,1.0,274.0,106.0,12.0,11.0,6.0,545.0,76.0,7.0,103.0,48.0,47.0,0.0,3.0,1.0,120.0,1.0,2.0,17.0,62.0,2.0,5.0,820.0,55.0,15.0,41.0,256.0,0.0,53.0,12.0,1.0,10.0,136.0,36.0,30.0,0.0,7.0,126.0,42.0,6.0,0.0
SINT MAARTEN,North America,Caribbean,37.0,17.0,20.0,10.0,23.0,1.0,0.0,0.0,0.0,1.0,0.0,1.0,0.0,1.0,0.0,0.0,0.0,0.0,0.0,0.0,0.0,0.0,0.0,22.0,2.0,0.0,0.0,1.0,0.0,0.0,0.0,0.0,0.0,0.0,0.0,0.0,0.0,0.0,0.0,0.0,0.0,0.0,0.0,2.0,0.0,0.0,0.0,0.0,0.0,0.0,3.0,0.0,0.0,0.0,1.0,0.0,2.0,0.0,0.0,0.0,0.0,0.0,0.0,4.0,0.0,0.0,0.0,0.0,0.0
SLOVAKIA,Europe,Eastern Europe,496.0,200.0,296.0,54.0,192.0,39.0,0.0,0.0,57.0,72.0,25.0,7.0,3.0,47.0,0.0,12.0,1.0,6.0,67.0,4.0,5.0,5.0,0.0,48.0,9.0,0.0,7.0,3.0,4.0,15.0,6.0,3.0,5.0,7.0,19.0,8.0,6.0,10.0,12.0,8.0,0.0,1.0,1.0,8.0,2.0,1.0,3.0,19.0,3.0,1.0,75.0,8.0,9.0,4.0,29.0,0.0,2.0,4.0,1.0,0.0,20.0,5.0,18.0,0.0,1.0,5.0,5.0,1.0,0.0
SLOVENIA,Europe,Southern Europe,235.0,112.0,123.0,16.0,117.0,35.0,2.0,0.0,8.0,37.0,14.0,1.0,0.0,5.0,0.0,1.0,5.0,3.0,32.0,2.0,8.0,3.0,0.0,20.0,5.0,0.0,5.0,9.0,1.0,4.0,3.0,1.0,2.0,0.0,14.0,3.0,0.0,7.0,2.0,5.0,0.0,2.0,2.0,4.0,0.0,3.0,0.0,6.0,3.0,3.0,26.0,3.0,1.0,0.0,7.0,0.0,1.0,3.0,2.0,5.0,12.0,4.0,4.0,0.0,0.0,5.0,1.0,2.0,1.0
SOLOMON ISLANDS,Australia & Pacific Islands,Melanesia,8.0,1.0,7.0,1.0,3.0,1.0,0.0,0.0,0.0,0.0,0.0,0.0,0.0,3.0,0.0,0.0,1.0,0.0,0.0,0.0,0.0,0.0,0.0,0.0,2.0,0.0,0.0,0.0,0.0,0.0,0.0,0.0,3.0,0.0,0.0,0.0,0.0,0.0,1.0,0.0,0.0,0.0,0.0,0.0,0.0,0.0,0.0,0.0,0.0,0.0,0.0,0.0,0.0,0.0,0.0,0.0,0.0,0.0,0.0,0.0,1.0,0.0,0.0,0.0,0.0,0.0,0.0,0.0,0.0
SOMALIA,Africa,Eastern Africa,52.0,29.0,23.0,7.0,30.0,0.0,0.0,0.0,0.0,0.0,0.0,0.0,0.0,15.0,0.0,0.0,0.0,1.0,1.0,0.0,6.0,1.0,0.0,0.0,2.0,0.0,0.0,3.0,0.0,0.0,1.0,0.0,0.0,0.0,12.0,0.0,0.0,1.0,4.0,3.0,0.0,0.0,0.0,0.0,0.0,0.0,0.0,0.0,1.0,0.0,6.0,1.0,0.0,0.0,3.0,0.0,0.0,0.0,0.0,1.0,2.0,0.0,2.0,0.0,0.0,0.0,0.0,1.0,0.0
SOUTH AFRICA,Africa,Southern Africa,2036.0,1000.0,1036.0,256.0,1004.0,154.0,2.0,1.0,1.0,400.0,86.0,55.0,7.0,70.0,0.0,37.0,26.0,17.0,265.0,35.0,40.0,21.0,7.0,104.0,52.0,1.0,1.0,22.0,26.0,63.0,23.0,19.0,24.0,16.0,142.0,33.0,7.0,46.0,15.0,38.0,0.0,18.0,2.0,61.0,4.0,6.0,13.0,44.0,3.0,8.0,276.0,49.0,29.0,17.0,97.0,1.0,16.0,28.0,6.0,33.0,132.0,18.0,36.0,0.0,5.0,33.0,9.0,12.0,0.0
SOUTH GEORGIA AND THE SOUTH SANDW,,,,,,,,,,,,,,,,,,,,,,,,,,,,,,,,,,,,,,,,,,,,,,,,,,,,,,,,,,,,,,,,,,,,,,,
SOUTH KOREA,Asia,Eastern Asia,78489.0,40994.0,37473.0,7076.0,30942.0,11300.0,482.0,2.0,7225.0,9938.0,3709.0,73.0,1408.0,6332.0,55.0,284.0,183.0,828.0,17513.0,459.0,691.0,571.0,148.0,1493.0,2859.0,98.0,582.0,753.0,183.0,3706.0,1987.0,659.0,418.0,177.0,3954.0,1346.0,122.0,2135.0,1457.0,1025.0,210.0,125.0,42.0,838.0,66.0,223.0,225.0,1750.0,80.0,518.0,12079.0,1291.0,569.0,769.0,3378.0,2.0,554.0,228.0,163.0,423.0,4319.0,952.0,2161.0,0.0,62.0,2553.0,1123.0,69.0,32.0
SOUTH SUDAN,Africa,Eastern Africa,52.0,39.0,13.0,3.0,27.0,1.0,0.0,0.0,1.0,2.0,1.0,0.0,0.0,17.0,0.0,1.0,0.0,0.0,4.0,0.0,3.0,1.0,0.0,8.0,0.0,0.0,0.0,3.0,1.0,1.0,4.0,0.0,1.0,1.0,2.0,0.0,0.0,0.0,4.0,3.0,0.0,0.0,0.0,1.0,1.0,0.0,0.0,0.0,0.0,0.0,1.0,1.0,2.0,0.0,3.0,0.0,0.0,1.0,1.0,3.0,0.0,0.0,0.0,0.0,0.0,1.0,0.0,0.0,0.0
SPAIN,Europe,Southern Europe,7234.0,4025.0,3207.0,428.0,2550.0,773.0,26.0,2.0,641.0,1335.0,610.0,56.0,55.0,758.0,0.0,52.0,32.0,73.0,1029.0,97.0,97.0,90.0,26.0,668.0,157.0,0.0,44.0,62.0,49.0,430.0,117.0,78.0,69.0,31.0,622.0,66.0,65.0,128.0,65.0,200.0,0.0,34.0,12.0,153.0,6.0,25.0,40.0,109.0,33.0,12.0,1011.0,129.0,57.0,44.0,244.0,54.0,29.0,77.0,9.0,87.0,264.0,82.0,101.0,0.0,46.0,61.0,64.0,89.0,15.0
SRI LANKA,Asia,Southern Asia,3327.0,1978.0,1348.0,160.0,1151.0,1263.0,62.0,0.0,21.0,633.0,29.0,2.0,0.0,6.0,2.0,18.0,15.0,42.0,292.0,22.0,38.0,26.0,8.0,144.0,49.0,0.0,2.0,102.0,9.0,108.0,62.0,195.0,34.0,40.0,94.0,37.0,6.0,150.0,132.0,154.0,0.0,53.0,9.0,19.0,81.0,21.0,5.0,22.0,22.0,14.0,253.0,200.0,67.0,15.0,112.0,0.0,10.0,46.0,39.0,26.0,371.0,16.0,73.0,0.0,1.0,22.0,24.0,10.0,15.0
STATELESS,0,,36.0,17.0,19.0,3.0,20.0,2.0,0.0,0.0,2.0,7.0,1.0,0.0,0.0,1.0,0.0,0.0,0.0,1.0,0.0,0.0,0.0,0.0,0.0,0.0,0.0,0.0,0.0,1.0,1.0,1.0,1.0,0.0,5.0,0.0,8.0,0.0,0.0,0.0,2.0,2.0,0.0,0.0,0.0,3.0,0.0,0.0,0.0,0.0,1.0,0.0,4.0,1.0,2.0,0.0,1.0,0.0,0.0,0.0,0.0,0.0,0.0,0.0,2.0,0.0,0.0,0.0,0.0,0.0,0.0
SUDAN,Africa,Northern Africa,330.0,248.0,82.0,64.0,69.0,32.0,7.0,0.0,21.0,98.0,34.0,1.0,1.0,3.0,0.0,4.0,0.0,5.0,41.0,1.0,3.0,16.0,0.0,21.0,1.0,0.0,1.0,8.0,0.0,33.0,3.0,3.0,4.0,3.0,21.0,7.0,1.0,7.0,4.0,5.0,0.0,2.0,0.0,9.0,0.0,1.0,0.0,1.0,3.0,2.0,15.0,24.0,2.0,2.0,3.0,0.0,0.0,0.0,1.0,14.0,29.0,1.0,17.0,0.0,1.0,7.0,2.0,1.0,1.0
SURINAME,South America,South America,106.0,54.0,52.0,13.0,64.0,7.0,1.0,1.0,1.0,12.0,0.0,2.0,0.0,5.0,0.0,1.0,0.0,0.0,9.0,2.0,1.0,0.0,0.0,43.0,5.0,0.0,0.0,1.0,0.0,1.0,0.0,0.0,1.0,6.0,1.0,2.0,0.0,1.0,1.0,0.0,0.0,0.0,0.0,4.0,0.0,0.0,0.0,3.0,0.0,0.0,11.0,2.0,2.0,1.0,0.0,0.0,0.0,2.0,0.0,0.0,2.0,0.0,1.0,0.0,0.0,1.0,0.0,2.0,0.0
SWAZILAND,Africa,Southern Africa,164.0,90.0,74.0,6.0,136.0,12.0,0.0,0.0,0.0,8.0,1.0,0.0,0.0,1.0,0.0,0.0,0.0,1.0,3.0,2.0,4.0,1.0,1.0,6.0,1.0,0.0,0.0,18.0,6.0,14.0,2.0,0.0,1.0,1.0,5.0,0.0,4.0,4.0,8.0,8.0,0.0,0.0,0.0,15.0,1.0,0.0,4.0,0.0,2.0,0.0,10.0,4.0,20.0,5.0,2.0,0.0,1.0,0.0,0.0,1.0,2.0,1.0,4.0,0.0,2.0,0.0,0.0,0.0,0.0
SWEDEN,Europe,Northern Europe,4587.0,1989.0,2595.0,1256.0,2176.0,122.0,17.0,0.0,143.0,305.0,355.0,88.0,12.0,113.0,5.0,19.0,20.0,28.0,1892.0,49.0,50.0,26.0,3.0,315.0,85.0,0.0,72.0,19.0,12.0,139.0,15.0,16.0,46.0,21.0,175.0,19.0,21.0,45.0,45.0,41.0,0.0,23.0,15.0,76.0,11.0,8.0,28.0,34.0,14.0,19.0,681.0,56.0,16.0,12.0,63.0,0.0,10.0,45.0,5.0,22.0,67.0,26.0,59.0,0.0,21.0,42.0,44.0,8.0,4.0
SWITZERLAND,Europe,Western Europe,2255.0,1158.0,1097.0,119.0,590.0,154.0,17.0,4.0,714.0,266.0,128.0,137.0,20.0,106.0,4.0,10.0,0.0,11.0,770.0,24.0,20.0,22.0,2.0,224.0,16.0,0.0,115.0,4.0,1.0,52.0,15.0,4.0,5.0,9.0,259.0,13.0,2.0,24.0,7.0,21.0,0.0,3.0,6.0,24.0,1.0,1.0,5.0,26.0,3.0,3.0,320.0,15.0,8.0,11.0,44.0,2.0,11.0,20.0,2.0,12.0,29.0,8.0,21.0,0.0,7.0,17.0,20.0,2.0,0.0
SYRIA,Asia,Western Asia,773.0,600.0,173.0,135.0,279.0,82.0,4.0,1.0,71.0,170.0,20.0,2.0,0.0,9.0,0.0,4.0,3.0,9.0,104.0,5.0,6.0,4.0,3.0,40.0,12.0,0.0,0.0,9.0,3.0,76.0,33.0,24.0,8.0,7.0,42.0,13.0,2.0,51.0,13.0,14.0,0.0,3.0,0.0,11.0,0.0,2.0,1.0,17.0,4.0,3.0,42.0,41.0,21.0,12.0,14.0,0.0,4.0,2.0,3.0,5.0,49.0,1.0,19.0,0.0,2.0,10.0,8.0,14.0,0.0
TAIWAN,Asia,Eastern Asia,23137.0,11450.0,11679.0,1600.0,5623.0,4166.0,291.0,6.0,1960.0,7339.0,1033.0,71.0,51.0,996.0,6.0,51.0,24.0,337.0,6496.0,146.0,144.0,146.0,50.0,599.0,338.0,8.0,136.0,141.0,56.0,910.0,550.0,89.0,94.0,58.0,1559.0,337.0,50.0,612.0,349.0,213.0,3.0,31.0,7.0,225.0,15.0,29.0,66.0,339.0,30.0,48.0,2782.0,433.0,113.0,453.0,1053.0,0.0,139.0,95.0,4.0,87.0,1548.0,203.0,200.0,0.0,23.0,1450.0,237.0,20.0,5.0
TAJIKISTAN,Asia,Central Asia,382.0,268.0,114.0,93.0,107.0,19.0,0.0,0.0,107.0,29.0,20.0,0.0,1.0,6.0,0.0,2.0,0.0,1.0,31.0,15.0,0.0,8.0,1.0,7.0,4.0,0.0,1.0,6.0,1.0,13.0,7.0,5.0,2.0,1.0,8.0,5.0,0.0,4.0,12.0,1.0,0.0,0.0,10.0,3.0,3.0,31.0,0.0,10.0,1.0,0.0,128.0,1.0,1.0,2.0,6.0,0.0,0.0,1.0,0.0,1.0,12.0,1.0,27.0,0.0,0.0,2.0,4.0,2.0,1.0
TANZANIA,Africa,Eastern Africa,1069.0,545.0,524.0,224.0,459.0,72.0,19.0,0.0,12.0,206.0,21.0,3.0,6.0,47.0,0.0,9.0,26.0,9.0,55.0,8.0,16.0,6.0,7.0,58.0,15.0,0.0,0.0,30.0,12.0,39.0,23.0,21.0,8.0,6.0,57.0,17.0,1.0,38.0,46.0,35.0,0.0,6.0,0.0,13.0,2.0,9.0,5.0,19.0,3.0,6.0,81.0,36.0,19.0,9.0,39.0,0.0,4.0,6.0,5.0,8.0,149.0,8.0,66.0,0.0,4.0,14.0,14.0,2.0,0.0
THAILAND,Asia,South-Eastern Asia,11073.0,4544.0,6528.0,883.0,2372.0,722.0,37.0,0.0,2987.0,2617.0,738.0,30.0,53.0,635.0,4.0,29.0,22.0,57.0,3172.0,133.0,139.0,114.0,12.0,360.0,97.0,0.0,39.0,38.0,12.0,996.0,100.0,43.0,33.0,31.0,821.0,113.0,21.0,175.0,62.0,123.0,3.0,13.0,3.0,67.0,16.0,23.0,58.0,110.0,13.0,75.0,1585.0,157.0,42.0,196.0,274.0,0.0,46.0,28.0,3.0,45.0,430.0,73.0,466.0,0.0,15.0,414.0,101.0,69.0,2.0
TIMOR-LESTE,Asia,South-Eastern Asia,22.0,9.0,13.0,2.0,19.0,1.0,0.0,0.0,0.0,0.0,0.0,0.0,0.0,0.0,0.0,0.0,0.0,0.0,2.0,0.0,0.0,0.0,0.0,1.0,0.0,0.0,0.0,5.0,0.0,0.0,0.0,0.0,0.0,0.0,1.0,1.0,0.0,0.0,1.0,3.0,0.0,0.0,0.0,2.0,0.0,0.0,0.0,0.0,0.0,0.0,1.0,0.0,3.0,0.0,1.0,0.0,0.0,0.0,0.0,0.0,1.0,0.0,0.0,0.0,0.0,0.0,0.0,0.0,0.0
TOGO,Africa,Western Africa,229.0,132.0,97.0,55.0,95.0,8.0,0.0,0.0,20.0,40.0,4.0,0.0,0.0,7.0,0.0,6.0,4.0,2.0,9.0,5.0,0.0,3.0,1.0,11.0,3.0,0.0,1.0,5.0,1.0,14.0,3.0,1.0,1.0,1.0,6.0,18.0,1.0,3.0,10.0,14.0,0.0,1.0,0.0,10.0,0.0,13.0,0.0,3.0,0.0,0.0,14.0,13.0,3.0,4.0,8.0,0.0,1.0,0.0,1.0,4.0,15.0,1.0,10.0,0.0,0.0,0.0,2.0,3.0,0.0
TONGA,Australia & Pacific Islands,Polynesia,24.0,14.0,10.0,2.0,7.0,1.0,0.0,0.0,1.0,2.0,0.0,0.0,2.0,9.0,0.0,0.0,0.0,0.0,5.0,0.0,0.0,0.0,0.0,0.0,0.0,0.0,10.0,0.0,0.0,1.0,0.0,0.0,0.0,0.0,0.0,0.0,0.0,0.0,0.0,0.0,0.0,0.0,0.0,0.0,0.0,0.0,0.0,0.0,0.0,0.0,1.0,0.0,0.0,0.0,0.0,0.0,0.0,0.0,0.0,0.0,0.0,7.0,0.0,0.0,0.0,0.0,0.0,0.0,0.0
TRINIDAD AND TOBAGO,North America,Caribbean,1451.0,685.0,766.0,103.0,832.0,184.0,32.0,0.0,1.0,238.0,31.0,6.0,2.0,22.0,0.0,6.0,6.0,7.0,47.0,8.0,34.0,75.0,19.0,418.0,57.0,0.0,1.0,5.0,5.0,22.0,9.0,2.0,9.0,19.0,47.0,37.0,1.0,21.0,10.0,18.0,0.0,12.0,1.0,20.0,0.0,3.0,1.0,23.0,5.0,1.0,191.0,20.0,7.0,1.0,68.0,2.0,15.0,27.0,2.0,20.0,105.0,1.0,29.0,0.0,0.0,3.0,4.0,7.0,0.0
TROMELIN ISLAND,0,0,1.0,0.0,1.0,0.0,0.0,0.0,0.0,0.0,0.0,1.0,0.0,0.0,0.0,0.0,0.0,0.0,0.0,0.0,0.0,0.0,0.0,0.0,0.0,0.0,0.0,0.0,0.0,0.0,0.0,0.0,0.0,0.0,0.0,0.0,0.0,0.0,0.0,0.0,1.0,0.0,0.0,0.0,0.0,0.0,0.0,0.0,0.0,0.0,0.0,0.0,0.0,0.0,0.0,0.0,0.0,0.0,0.0,0.0,0.0,0.0,0.0,0.0,0.0,0.0,0.0,0.0,0.0,0.0,0.0
TUNISIA,Africa,Northern Africa,712.0,501.0,211.0,128.0,218.0,106.0,11.0,0.0,96.0,107.0,38.0,2.0,0.0,6.0,0.0,8.0,6.0,3.0,233.0,6.0,5.0,12.0,3.0,52.0,6.0,0.0,1.0,9.0,2.0,10.0,7.0,4.0,7.0,5.0,58.0,5.0,2.0,11.0,9.0,5.0,0.0,1.0,0.0,7.0,2.0,1.0,1.0,6.0,1.0,4.0,51.0,10.0,5.0,11.0,21.0,0.0,4.0,2.0,1.0,2.0,49.0,5.0,30.0,0.0,0.0,16.0,7.0,2.0,4.0
TURKEY,Asia,Western Asia,12220.0,7558.0,4661.0,821.0,3302.0,2481.0,56.0,0.0,2619.0,1951.0,576.0,14.0,8.0,392.0,2.0,26.0,43.0,85.0,2069.0,59.0,166.0,297.0,94.0,581.0,211.0,0.0,8.0,50.0,3.0,766.0,123.0,24.0,27.0,56.0,1072.0,139.0,30.0,188.0,72.0,94.0,0.0,11.0,95.0,143.0,1.0,26.0,41.0,532.0,22.0,29.0,2909.0,136.0,20.0,35.0,520.0,0.0,108.0,33.0,8.0,41.0,636.0,30.0,342.0,1.0,9.0,99.0,75.0,27.0,8.0
TURKMENISTAN,Asia,Central Asia,416.0,263.0,153.0,101.0,109.0,21.0,0.0,0.0,111.0,46.0,15.0,0.0,1.0,12.0,0.0,7.0,2.0,0.0,34.0,5.0,0.0,2.0,0.0,4.0,8.0,0.0,0.0,2.0,0.0,49.0,3.0,12.0,2.0,0.0,7.0,0.0,1.0,2.0,10.0,5.0,0.0,2.0,0.0,4.0,1.0,0.0,1.0,9.0,1.0,1.0,116.0,1.0,2.0,2.0,3.0,0.0,1.0,0.0,1.0,0.0,85.0,2.0,13.0,0.0,0.0,5.0,4.0,3.0,4.0
TURKS AND CAICOS ISLANDS,North America,Caribbean,58.0,30.0,28.0,21.0,24.0,0.0,1.0,0.0,0.0,3.0,1.0,1.0,2.0,5.0,0.0,1.0,0.0,0.0,0.0,1.0,2.0,1.0,0.0,32.0,4.0,0.0,0.0,0.0,0.0,0.0,0.0,2.0,0.0,3.0,3.0,0.0,0.0,0.0,0.0,0.0,0.0,1.0,0.0,0.0,0.0,0.0,0.0,0.0,0.0,0.0,5.0,0.0,0.0,0.0,1.0,0.0,1.0,0.0,0.0,0.0,1.0,0.0,0.0,0.0,0.0,0.0,0.0,0.0,0.0
TUVALU,Australia & Pacific Islands,Polynesia,2.0,2.0,0.0,0.0,1.0,0.0,1.0,0.0,0.0,0.0,0.0,0.0,0.0,0.0,0.0,0.0,0.0,0.0,0.0,0.0,0.0,0.0,0.0,1.0,0.0,0.0,1.0,0.0,0.0,0.0,0.0,0.0,0.0,0.0,0.0,0.0,0.0,0.0,0.0,0.0,0.0,0.0,0.0,0.0,0.0,0.0,0.0,0.0,0.0,0.0,0.0,0.0,0.0,0.0,0.0,0.0,0.0,0.0,0.0,0.0,0.0,0.0,0.0,0.0,0.0,0.0,0.0,0.0,0.0
UGANDA,Africa,Eastern Africa,846.0,434.0,412.0,87.0,302.0,114.0,14.0,0.0,2.0,262.0,28.0,5.0,0.0,32.0,0.0,4.0,7.0,1.0,56.0,8.0,5.0,11.0,0.0,34.0,33.0,0.0,0.0,28.0,5.0,38.0,24.0,6.0,13.0,16.0,64.0,11.0,3.0,30.0,69.0,26.0,0.0,2.0,1.0,14.0,3.0,4.0,3.0,9.0,1.0,2.0,49.0,30.0,36.0,10.0,39.0,0.0,2.0,7.0,5.0,16.0,58.0,14.0,17.0,0.0,5.0,13.0,12.0,0.0,2.0
UKRAINE,Europe,Eastern Europe,2857.0,1319.0,1538.0,437.0,635.0,310.0,12.0,0.0,660.0,406.0,181.0,13.0,16.0,187.0,1.0,11.0,15.0,23.0,349.0,18.0,25.0,21.0,12.0,195.0,44.0,0.0,3.0,21.0,18.0,403.0,33.0,12.0,11.0,22.0,143.0,40.0,20.0,57.0,44.0,48.0,0.0,10.0,2.0,48.0,4.0,9.0,14.0,75.0,11.0,6.0,429.0,43.0,22.0,16.0,127.0,2.0,9.0,17.0,7.0,29.0,122.0,81.0,106.0,0.0,13.0,34.0,20.0,7.0,5.0
UNITED ARAB EMIRATES,Asia,Western Asia,2834.0,2584.0,249.0,108.0,1909.0,74.0,41.0,1.0,407.0,189.0,80.0,4.0,1.0,20.0,0.0,33.0,0.0,332.0,382.0,98.0,25.0,32.0,4.0,255.0,11.0,0.0,0.0,22.0,6.0,18.0,96.0,42.0,57.0,65.0,138.0,69.0,16.0,36.0,19.0,19.0,0.0,0.0,1.0,28.0,1.0,6.0,14.0,4.0,6.0,0.0,94.0,73.0,20.0,121.0,171.0,0.0,5.0,21.0,1.0,70.0,88.0,28.0,172.0,0.0,0.0,23.0,13.0,99.0,0.0
UNITED KINGDOM,Europe,Northern Europe,11306.0,7011.0,4292.0,976.0,6183.0,1056.0,159.0,5.0,14.0,1896.0,515.0,213.0,46.0,242.0,4.0,157.0,43.0,181.0,1567.0,116.0,240.0,146.0,20.0,747.0,325.0,0.0,48.0,176.0,63.0,328.0,151.0,114.0,121.0,86.0,836.0,106.0,36.0,180.0,107.0,245.0,0.0,77.0,20.0,360.0,31.0,75.0,51.0,251.0,63.0,26.0,1713.0,215.0,174.0,59.0,411.0,2.0,96.0,163.0,24.0,219.0,461.0,85.0,199.0,28.0,39.0,104.0,89.0,107.0,21.0
URUGUAY,South America,South America,337.0,173.0,164.0,27.0,103.0,60.0,0.0,0.0,61.0,67.0,14.0,1.0,1.0,3.0,0.0,1.0,0.0,2.0,41.0,5.0,3.0,3.0,2.0,51.0,8.0,0.0,0.0,6.0,0.0,12.0,2.0,4.0,2.0,1.0,31.0,7.0,0.0,5.0,5.0,10.0,0.0,2.0,0.0,8.0,2.0,1.0,2.0,3.0,0.0,0.0,61.0,4.0,3.0,0.0,13.0,1.0,3.0,1.0,0.0,3.0,7.0,16.0,3.0,0.0,0.0,1.0,1.0,1.0,0.0
UZBEKISTAN,Asia,Central Asia,837.0,556.0,281.0,125.0,200.0,60.0,0.0,0.0,176.0,230.0,28.0,1.0,1.0,16.0,0.0,5.0,7.0,1.0,124.0,9.0,8.0,5.0,5.0,35.0,9.0,0.0,2.0,13.0,0.0,50.0,8.0,10.0,6.0,4.0,27.0,11.0,1.0,17.0,17.0,31.0,0.0,4.0,0.0,15.0,0.0,11.0,6.0,13.0,3.0,0.0,177.0,18.0,4.0,5.0,45.0,0.0,0.0,2.0,3.0,14.0,21.0,2.0,63.0,0.0,0.0,14.0,9.0,1.0,2.0
VANUATU,Australia & Pacific Islands,Melanesia,7.0,3.0,4.0,3.0,3.0,0.0,0.0,0.0,0.0,0.0,0.0,0.0,0.0,1.0,0.0,0.0,0.0,0.0,2.0,0.0,0.0,0.0,0.0,1.0,0.0,0.0,0.0,0.0,0.0,0.0,0.0,0.0,0.0,0.0,0.0,0.0,0.0,1.0,0.0,1.0,0.0,0.0,0.0,0.0,0.0,0.0,0.0,0.0,1.0,0.0,0.0,0.0,0.0,0.0,0.0,0.0,0.0,0.0,0.0,0.0,0.0,0.0,1.0,0.0,0.0,0.0,0.0,0.0,0.0
VENEZUELA,South America,South America,12370.0,6053.0,6317.0,2324.0,4288.0,303.0,51.0,1.0,2834.0,1649.0,515.0,27.0,90.0,289.0,1.0,44.0,20.0,29.0,608.0,126.0,47.0,105.0,20.0,5040.0,339.0,1.0,13.0,86.0,12.0,505.0,79.0,70.0,88.0,73.0,973.0,64.0,7.0,95.0,77.0,187.0,0.0,25.0,12.0,148.0,7.0,16.0,17.0,138.0,23.0,15.0,866.0,115.0,109.0,34.0,252.0,86.0,25.0,23.0,9.0,81.0,1262.0,119.0,125.0,0.0,10.0,67.0,37.0,35.0,5.0
VIETNAM,Asia,South-Eastern Asia,29101.0,13095.0,16000.0,8406.0,8854.0,1124.0,152.0,2.0,3458.0,2406.0,956.0,28.0,178.0,3537.0,4.0,144.0,187.0,350.0,6158.0,395.0,251.0,141.0,47.0,1104.0,621.0,1.0,68.0,298.0,36.0,818.0,249.0,180.0,144.0,366.0,1568.0,261.0,128.0,436.0,558.0,426.0,0.0,119.0,15.0,242.0,11.0,208.0,128.0,352.0,81.0,93.0,1247.0,419.0,395.0,505.0,1106.0,0.0,76.0,82.0,25.0,131.0,5161.0,155.0,840.0,0.0,34.0,2406.0,251.0,56.0,24.0
WEST BANK,Asia,Western Asia,385.0,306.0,78.0,73.0,119.0,48.0,0.0,0.0,77.0,60.0,6.0,0.0,0.0,2.0,0.0,4.0,4.0,6.0,28.0,3.0,12.0,5.0,0.0,11.0,4.0,0.0,0.0,11.0,2.0,71.0,5.0,2.0,0.0,7.0,18.0,2.0,0.0,13.0,16.0,6.0,0.0,0.0,0.0,16.0,0.0,1.0,0.0,5.0,0.0,0.0,27.0,19.0,2.0,2.0,9.0,0.0,4.0,0.0,0.0,8.0,40.0,3.0,8.0,0.0,4.0,5.0,2.0,0.0,0.0
YEMEN,Asia,Western Asia,1103.0,1010.0,93.0,383.0,236.0,21.0,14.0,0.0,359.0,54.0,27.0,1.0,1.0,7.0,0.0,15.0,3.0,17.0,200.0,14.0,2.0,7.0,7.0,55.0,14.0,0.0,0.0,4.0,2.0,101.0,7.0,4.0,10.0,5.0,31.0,11.0,0.0,71.0,29.0,25.0,0.0,28.0,2.0,10.0,4.0,2.0,0.0,10.0,1.0,2.0,118.0,27.0,9.0,55.0,23.0,0.0,2.0,0.0,4.0,4.0,90.0,7.0,39.0,0.0,0.0,29.0,1.0,2.0,0.0
ZAMBIA,Africa,Eastern Africa,514.0,257.0,257.0,97.0,248.0,40.0,3.0,0.0,3.0,100.0,12.0,0.0,3.0,8.0,0.0,5.0,9.0,6.0,28.0,4.0,4.0,9.0,1.0,22.0,20.0,0.0,1.0,18.0,5.0,18.0,6.0,6.0,12.0,1.0,27.0,14.0,3.0,22.0,8.0,11.0,0.0,0.0,0.0,11.0,2.0,13.0,0.0,2.0,3.0,0.0,33.0,21.0,19.0,4.0,18.0,0.0,0.0,6.0,3.0,15.0,67.0,3.0,18.0,0.0,1.0,12.0,2.0,1.0,0.0
ZIMBABWE,Africa,Eastern Africa,1345.0,719.0,626.0,98.0,818.0,164.0,3.0,1.0,1.0,205.0,34.0,4.0,2.0,15.0,0.0,14.0,24.0,9.0,56.0,7.0,26.0,9.0,7.0,57.0,50.0,0.0,1.0,45.0,11.0,31.0,28.0,25.0,16.0,9.0,94.0,15.0,7.0,38.0,47.0,71.0,0.0,10.0,0.0,45.0,16.0,7.0,16.0,10.0,9.0,2.0,95.0,34.0,32.0,17.0,75.0,0.0,7.0,19.0,1.0,29.0,137.0,18.0,20.0,0.0,10.0,12.0,16.0,10.0,1.0
