STATE,PUMA,PWGTP,AGEP,SEX,RAC1P,HISP,NATIVITY,ANC1P,ANC2P,SCHL,ESR,PINCP
04,00123,79,40,1,2,1,1,902,370,22.0,1.0,58000.0
04,00123,92,64,2,9,1,2,370,999,15.0,1.0,29000.0
04,00109,108,23,2,8,1,1,370,999,20.0,3.0,0.0
04,01902,113,33,2,2,3,1,261,370,23.0,4.0,125000.0
04,00108,132,20,1,9,1,1,195,370,19.0,6.0,2000.0
04,00108,108,16,1,9,1,1,195,370,14.0,1.0,3000.0
04,00108,128,13,1,9,1,1,195,370,11.0,,
04,00108,124,11,2,9,1,1,195,370,8.0,,
04,00132,112,59,2,6,1,2,370,999,21.0,6.0,0.0
05,00202,81,43,1,1,1,1,370,999,19.0,1.0,39000.0
06,03711,16,25,2,2,1,1,370,599,22.0,1.0,60000.0
06,05908,148,25,2,2,1,1,370,599,22.0,1.0,60000.0
06,08517,17,25,2,2,1,1,370,599,22.0,1.0,65000.0
06,03715,36,25,2,2,1,1,370,599,22.0,1.0,60000.0
06,02300,9,21,2,2,3,1,370,999,16.0,6.0,8050.0
06,01700,55,25,2,2,1,1,370,599,22.0,1.0,60000.0
06,07301,126,41,2,9,1,1,370,094,22.0,1.0,117600.0
06,07301,63,16,2,9,1,1,370,094,13.0,6.0,0.0
06,07301,126,4,2,9,1,1,370,094,1.0,,
06,07327,58,51,2,1,1,2,022,370,21.0,6.0,26900.0
06,06709,57,84,2,9,1,2,370,999,22.0,6.0,84000.0
06,06502,15,67,2,6,1,2,706,370,23.0,6.0,52000.0
06,10100,208,30,2,6,3,1,261,370,22.0,1.0,100000.0
06,03725,163,50,1,8,1,1,370,999,19.0,1.0,112000.0
06,03725,153,47,2,8,1,1,370,999,21.0,6.0,60000.0
06,03704,67,75,1,2,1,2,370,999,1.0,6.0,28800.0
06,03758,102,13,2,8,1,1,370,302,10.0,,
06,07317,106,33,1,9,1,1,370,051,19.0,1.0,9000.0
06,05907,176,30,1,9,1,1,902,370,20.0,1.0,50000.0
06,01903,114,94,1,9,1,2,370,999,15.0,6.0,16300.0
06,01903,100,85,2,9,1,2,370,999,15.0,6.0,2700.0
06,01903,96,59,1,9,1,2,370,999,18.0,3.0,0.0
06,03730,84,55,2,2,1,2,308,370,22.0,3.0,10700.0
06,03746,41,21,1,6,1,1,370,999,20.0,3.0,0.0
06,03731,97,24,2,5,1,1,730,370,21.0,1.0,58000.0
06,07103,53,78,1,8,1,2,370,999,1.0,6.0,10600.0
06,07510,156,36,1,6,1,1,370,999,21.0,1.0,321000.0
06,07101,464,28,1,2,1,2,370,999,19.0,4.0,23000.0
06,03735,73,51,2,9,1,1,335,370,22.0,1.0,96000.0
06,01305,66,54,2,6,1,2,615,370,23.0,1.0,131000.0
06,01309,61,64,2,9,1,2,901,370,21.0,1.0,75000.0
06,01309,81,45,2,9,1,2,901,370,21.0,3.0,6400.0
06,01309,116,17,1,9,1,2,901,370,13.0,6.0,0.0
06,01309,83,12,1,2,1,2,901,370,9.0,,
06,03719,95,45,1,6,1,2,370,999,24.0,1.0,141000.0
06,04702,123,39,1,9,1,1,370,999,16.0,1.0,82000.0
06,03707,53,71,2,9,1,2,370,620,16.0,6.0,64700.0
06,03707,50,39,1,9,1,1,620,370,23.0,1.0,304400.0
06,03711,82,48,2,9,1,1,599,370,23.0,1.0,250000.0
06,09706,169,48,1,6,1,2,370,084,14.0,1.0,50000.0
06,08510,88,30,2,8,1,2,370,999,21.0,3.0,160000.0
06,08510,89,1,2,9,1,1,740,370,,,
06,03775,43,34,2,6,1,1,370,939,21.0,1.0,35000.0
06,05908,115,42,1,6,1,2,370,999,20.0,1.0,40000.0
06,05908,97,15,1,9,1,1,302,370,13.0,,0.0
06,06501,67,18,1,9,1,1,370,089,14.0,6.0,0.0
06,06523,58,31,2,9,1,1,051,370,22.0,1.0,153300.0
06,03732,257,29,2,2,1,1,249,370,23.0,1.0,213500.0
08,02001,15,22,2,9,1,2,370,999,16.0,4.0,39000.0
08,00302,54,45,2,8,1,2,370,999,21.0,1.0,275000.0
08,00302,41,17,2,8,1,2,370,999,14.0,6.0,5000.0
09,20802,83,18,1,1,1,1,314,370,18.0,6.0,1000.0
09,20602,722,41,1,2,1,2,370,999,17.0,1.0,70000.0
09,20602,233,16,2,2,1,2,370,999,13.0,6.0,0.0
09,20201,238,31,2,2,1,2,370,999,16.0,3.0,37000.0
09,20206,82,36,2,9,1,2,370,999,24.0,1.0,185000.0
09,20206,95,39,1,9,1,2,370,999,21.0,1.0,85000.0
09,20801,45,46,2,9,1,2,370,999,20.0,1.0,40230.0
09,20902,51,45,2,8,1,1,370,939,22.0,1.0,116000.0
09,20902,42,16,1,9,1,1,370,088,12.0,6.0,0.0
09,20902,56,12,2,9,1,1,370,088,9.0,,
09,20202,99,23,2,2,1,1,370,999,21.0,6.0,16800.0
09,20402,88,47,1,9,1,2,370,999,19.0,1.0,65000.0
09,20602,155,33,2,8,1,1,370,999,21.0,1.0,130000.0
09,20202,31,75,1,9,1,2,370,999,23.0,6.0,100800.0
09,20202,43,69,2,9,1,2,370,999,21.0,1.0,17000.0
09,20801,78,49,1,9,1,2,370,999,17.0,1.0,45000.0
09,20801,187,18,2,9,1,2,370,999,19.0,6.0,0.0
09,20801,118,15,1,8,1,2,370,999,12.0,,0.0
09,20801,71,12,2,9,1,2,370,999,10.0,,
09,20801,63,51,1,9,1,2,370,999,17.0,1.0,50000.0
09,20201,152,49,2,9,1,2,370,999,20.0,1.0,40000.0
09,20205,59,40,1,2,1,2,370,999,21.0,1.0,116000.0
09,20205,55,40,2,2,1,2,370,999,24.0,1.0,60000.0
09,20205,76,7,2,2,1,1,370,999,4.0,,
09,20205,79,3,1,2,1,1,370,999,1.0,,
09,20100,31,31,2,8,1,2,370,999,21.0,1.0,48000.0
09,20100,78,36,1,9,1,2,370,999,16.0,1.0,55000.0
09,20901,497,38,2,2,1,1,308,370,22.0,1.0,204000.0
09,20601,40,26,2,9,1,1,465,370,24.0,1.0,42000.0
10,00200,92,18,2,2,1,1,902,370,18.0,6.0,0.0
10,00200,144,18,2,2,1,1,902,370,18.0,6.0,0.0
10,00101,81,61,2,9,1,2,370,999,21.0,1.0,98000.0
10,00104,68,43,2,9,1,1,903,370,23.0,1.0,90000.0
10,00301,66,58,2,9,1,2,370,999,21.0,6.0,0.0
10,00103,68,40,2,9,1,2,370,999,22.0,1.0,82000.0
10,00302,163,58,1,9,1,2,730,370,21.0,3.0,80260.0
10,00103,85,26,1,9,1,1,370,999,16.0,1.0,17000.0
10,00101,125,47,2,8,1,1,370,999,21.0,1.0,90000.0
10,00101,143,19,1,8,3,1,370,084,16.0,3.0,7200.0
11,00101,136,21,2,9,1,1,370,999,19.0,1.0,17000.0
11,00104,43,60,2,9,1,2,335,370,17.0,6.0,0.0
11,00102,51,75,1,2,1,2,370,999,20.0,1.0,118200.0
11,00101,65,77,1,9,1,2,370,999,19.0,6.0,15600.0
11,00102,187,72,2,8,1,1,370,999,19.0,6.0,0.0
11,00102,144,42,1,8,1,2,370,999,19.0,1.0,80000.0
11,00103,30,69,2,9,1,2,370,999,23.0,6.0,18430.0
11,00101,458,40,1,9,1,1,370,564,23.0,1.0,870000.0
11,00106,167,38,2,9,1,1,570,370,24.0,1.0,214000.0
11,00104,86,37,2,9,1,1,901,370,23.0,1.0,92000.0
12,01113,61,80,2,6,1,2,615,370,19.0,6.0,11900.0
12,01107,26,80,2,6,1,2,615,370,19.0,6.0,11900.0
12,01113,69,80,2,6,1,2,615,370,19.0,6.0,11900.0
12,08618,98,18,2,9,1,1,308,370,19.0,6.0,0.0
12,10504,2,26,1,9,1,1,370,999,21.0,6.0,0.0
12,08602,62,18,2,9,1,1,308,370,19.0,6.0,0.0
12,09504,43,37,1,8,1,2,370,570,15.0,6.0,0.0
12,08618,79,18,2,9,1,1,308,370,19.0,6.0,0.0
12,07102,289,81,1,2,1,2,370,999,19.0,6.0,24700.0
12,01111,48,51,2,6,1,2,370,999,20.0,1.0,83300.0
12,01111,83,19,1,6,1,1,370,999,18.0,1.0,12000.0
12,01109,102,24,1,8,1,1,370,999,16.0,1.0,40000.0
12,01109,127,5,1,9,16,1,234,370,2.0,,
12,08303,71,95,1,2,1,2,370,999,1.0,6.0,14500.0
12,08303,62,95,2,2,1,2,370,999,15.0,6.0,6100.0
12,09507,221,26,1,9,1,1,370,939,16.0,1.0,10000.0
12,09906,35,65,1,6,1,2,370,999,17.0,6.0,36000.0
12,09906,66,61,2,6,1,2,370,999,17.0,1.0,98000.0
12,09501,157,58,2,9,1,2,370,999,21.0,1.0,80000.0
12,09501,192,66,1,9,1,2,370,999,22.0,6.0,12000.0
12,09501,129,79,1,9,1,2,370,999,16.0,1.0,5700.0
12,11703,196,75,1,6,1,2,370,999,21.0,6.0,40000.0
12,11703,114,82,2,6,1,2,370,999,9.0,6.0,17000.0
12,11703,116,95,2,6,1,2,370,999,9.0,6.0,17000.0
12,10307,77,10,1,9,1,1,142,370,7.0,,
12,10307,74,8,2,9,1,1,142,370,6.0,,
12,03101,185,66,2,8,1,2,370,999,18.0,6.0,19950.0
12,08624,81,55,2,8,1,1,370,999,22.0,1.0,40000.0
12,08624,94,58,1,8,1,1,370,999,16.0,6.0,18000.0
12,08603,59,55,2,2,1,2,901,370,16.0,1.0,29700.0
12,00901,47,64,1,9,1,2,370,999,20.0,6.0,30000.0
12,00901,47,60,2,9,1,2,370,999,20.0,1.0,28600.0
12,03500,175,24,2,9,1,1,370,999,19.0,2.0,5400.0
12,09506,160,63,1,9,1,2,370,620,11.0,6.0,22100.0
12,09506,189,62,2,9,1,2,370,620,13.0,6.0,0.0
12,10504,85,61,2,9,22,2,370,615,21.0,1.0,60000.0
12,10902,122,34,2,9,1,2,370,999,21.0,2.0,80000.0
12,10902,162,33,1,9,1,2,370,999,20.0,1.0,75000.0
12,10902,220,3,1,9,1,1,370,999,1.0,,
12,10902,220,0,1,9,1,1,370,999,,,
12,01106,44,70,1,6,1,2,370,999,17.0,6.0,15100.0
12,01106,38,61,2,6,1,2,370,999,16.0,6.0,0.0
12,01106,131,27,1,6,1,1,370,999,20.0,1.0,37500.0
12,09506,143,60,2,8,1,2,370,999,19.0,1.0,52000.0
12,09506,127,57,1,8,1,2,370,999,20.0,3.0,57000.0
12,09506,297,29,2,8,1,2,370,999,16.0,1.0,15000.0
12,09506,296,47,1,8,1,2,370,999,16.0,6.0,0.0
12,09506,454,13,2,8,1,1,370,939,10.0,,
12,09506,454,9,2,8,1,1,370,939,5.0,,
12,09506,348,7,1,8,1,1,370,939,4.0,,
12,09506,393,3,1,8,1,1,370,939,1.0,,
12,10303,145,38,2,2,1,1,370,999,14.0,1.0,99000.0
12,09508,49,63,1,8,1,1,142,370,22.0,1.0,67000.0
12,09508,41,23,1,8,1,1,142,370,16.0,1.0,40000.0
12,01107,80,34,2,6,1,1,370,314,23.0,1.0,22000.0
12,01107,84,6,1,6,1,1,370,314,3.0,,
12,01107,88,4,2,6,1,1,370,314,2.0,,
12,01107,74,3,1,6,1,1,370,314,2.0,,
12,10104,316,42,2,2,1,2,370,999,21.0,1.0,100000.0
12,08303,56,88,1,2,1,2,370,999,16.0,6.0,60300.0
12,10308,80,31,1,9,21,2,370,999,22.0,1.0,128000.0
12,09506,56,67,1,2,1,2,370,999,18.0,6.0,17800.0
12,09506,61,68,2,2,1,2,370,999,16.0,6.0,6500.0
12,01106,46,43,2,6,1,2,370,308,22.0,1.0,65000.0
12,01106,68,17,2,6,1,1,370,931,14.0,6.0,4000.0
12,06903,58,39,2,8,1,1,370,999,21.0,1.0,98000.0
12,06903,65,43,1,8,1,1,370,999,17.0,1.0,36600.0
12,06903,58,15,2,8,1,1,370,999,12.0,,0.0
12,06903,61,13,2,8,1,1,370,999,10.0,,
12,09906,28,31,1,6,1,2,314,370,18.0,1.0,90000.0
12,08610,84,55,1,9,1,2,615,370,21.0,1.0,252000.0
12,07103,74,36,2,9,1,2,370,999,12.0,6.0,8600.0
12,07103,149,60,1,9,1,2,370,999,11.0,6.0,64600.0
12,07103,80,6,1,9,1,2,370,999,3.0,,
12,05704,193,48,2,2,1,2,370,999,17.0,1.0,51000.0
12,11103,133,65,1,9,1,2,370,335,20.0,1.0,38500.0
12,11103,96,7,1,9,1,1,402,370,5.0,,
12,11103,96,41,1,6,1,2,370,999,15.0,1.0,24000.0
12,11103,151,38,2,6,1,2,370,999,16.0,1.0,43700.0
12,03104,99,54,1,9,1,2,370,999,16.0,1.0,39800.0
12,10303,54,24,1,8,1,1,370,999,16.0,1.0,28000.0
12,09509,25,70,1,8,1,2,370,999,20.0,1.0,21200.0
12,09509,23,68,2,8,1,2,370,620,20.0,1.0,26100.0
12,09502,92,16,1,1,1,1,022,370,12.0,6.0,0.0
12,09502,72,13,1,1,1,1,022,370,10.0,,
12,09502,94,12,2,1,1,1,022,370,9.0,,
12,10308,79,59,2,8,1,2,370,999,21.0,1.0,59000.0
12,01902,113,45,2,2,1,2,370,999,21.0,6.0,59200.0
12,05300,71,60,1,8,1,2,370,999,16.0,1.0,48000.0
12,09903,72,74,1,9,1,2,370,999,19.0,6.0,4700.0
12,01115,49,58,2,2,1,2,370,999,23.0,6.0,83000.0
12,09502,109,9,1,9,1,1,370,924,5.0,,
12,09502,114,3,1,9,1,1,370,924,1.0,,
12,09502,138,33,2,8,1,2,370,999,16.0,1.0,35000.0
12,08303,117,63,1,8,1,2,370,999,17.0,6.0,10600.0
12,08303,106,54,2,8,1,2,370,999,15.0,6.0,0.0
12,08303,119,26,1,8,1,1,370,999,21.0,1.0,11000.0
12,08303,120,25,1,8,1,1,370,999,20.0,3.0,13000.0
12,01111,86,63,1,9,1,2,370,999,19.0,1.0,35000.0
12,01111,81,62,2,9,1,2,370,999,19.0,1.0,35000.0
12,09505,136,37,2,6,1,2,730,370,21.0,1.0,51000.0
12,01115,230,44,2,9,1,2,370,999,18.0,1.0,75000.0
12,01103,263,54,1,8,1,2,370,999,21.0,1.0,80000.0
12,01103,302,51,2,8,1,2,370,999,16.0,1.0,30000.0
12,08616,169,72,1,8,22,2,370,615,19.0,6.0,10100.0
12,09905,35,48,2,8,1,2,370,999,20.0,1.0,75000.0
12,09905,44,21,2,2,1,1,308,370,19.0,1.0,33000.0
12,09905,46,16,2,2,1,1,308,370,13.0,1.0,10000.0
12,01115,198,57,2,8,1,2,370,999,21.0,1.0,75000.0
12,01500,196,36,2,9,1,1,370,903,21.0,1.0,29000.0
12,01107,49,62,2,9,1,1,370,999,17.0,1.0,10600.0
12,07302,46,29,2,9,1,1,370,939,22.0,1.0,48000.0
12,10504,146,47,1,9,1,2,370,999,16.0,1.0,21200.0
12,06903,60,31,1,9,1,1,370,999,15.0,1.0,36000.0
12,10102,98,33,2,9,1,1,370,084,22.0,1.0,43000.0
12,06903,164,71,1,8,1,2,370,999,16.0,6.0,9900.0
12,06903,144,67,2,8,1,2,370,999,16.0,6.0,0.0
12,06903,251,33,1,8,1,2,370,999,15.0,6.0,60000.0
12,12704,38,48,2,8,1,2,370,999,16.0,6.0,0.0
12,08303,87,62,2,9,1,2,370,999,16.0,6.0,10.0
12,09506,90,52,1,8,1,2,370,999,6.0,1.0,42000.0
12,09506,66,16,2,8,1,2,370,999,12.0,6.0,0.0
12,09506,66,75,2,8,1,2,370,999,9.0,6.0,5000.0
12,07302,45,73,1,2,1,2,370,999,20.0,1.0,60600.0
12,07302,37,72,2,2,1,2,370,999,17.0,6.0,5700.0
12,05707,53,10,1,9,22,2,370,999,8.0,,
12,05707,45,7,2,9,22,2,370,999,4.0,,
12,05707,51,0,2,9,22,1,370,999,,,
12,09703,258,36,2,9,1,2,370,999,21.0,1.0,72800.0
12,09911,22,77,1,6,1,2,370,999,21.0,6.0,34600.0
12,09911,25,74,2,6,1,2,370,999,11.0,6.0,10800.0
12,10501,107,66,1,6,1,2,370,999,15.0,6.0,11300.0
12,10501,72,67,2,6,1,2,370,999,16.0,2.0,26900.0
12,00901,49,86,2,8,1,2,370,999,16.0,6.0,10000.0
12,10103,128,33,2,2,1,1,370,999,18.0,3.0,31500.0
12,01117,102,62,1,8,1,2,370,999,16.0,1.0,13100.0
12,05709,42,84,2,9,1,2,370,999,20.0,6.0,15300.0
12,09502,132,76,1,8,1,2,370,999,16.0,6.0,10600.0
12,01117,92,70,2,9,1,2,370,999,21.0,1.0,135000.0
12,11702,201,50,1,9,1,1,902,370,19.0,1.0,92000.0
12,01700,109,71,2,9,1,2,370,999,22.0,1.0,2040.0
12,09507,42,37,1,9,1,2,370,999,21.0,1.0,595000.0
12,08302,1176,54,2,9,1,2,370,999,21.0,2.0,24000.0
12,09703,82,42,1,8,22,2,370,999,21.0,1.0,58000.0
12,09702,304,52,1,8,1,2,370,999,20.0,6.0,60000.0
12,09702,254,49,2,8,1,1,370,999,21.0,6.0,0.0
12,09702,289,18,2,8,1,1,370,999,16.0,6.0,0.0
12,01106,302,44,2,2,1,2,370,999,22.0,1.0,5000.0
12,09904,303,57,1,9,1,2,370,999,21.0,6.0,51300.0
12,09507,106,59,2,9,22,2,314,370,19.0,1.0,40000.0
12,08606,94,6,1,9,1,1,370,336,3.0,,
12,05707,78,27,2,1,1,1,924,370,19.0,3.0,15000.0
12,06902,15,54,2,6,1,2,370,999,16.0,1.0,40000.0
12,09701,280,32,2,2,1,2,370,999,16.0,1.0,18800.0
12,09907,399,30,2,9,1,1,370,939,21.0,1.0,37000.0
12,09907,375,3,2,9,1,1,336,370,1.0,,
12,09502,34,36,2,8,1,1,370,999,21.0,1.0,31000.0
12,09502,54,32,2,8,1,1,370,999,19.0,1.0,40000.0
12,09502,38,66,2,8,1,2,730,370,11.0,6.0,7500.0
12,03106,168,34,1,9,1,1,370,914,21.0,1.0,100000.0
12,01102,67,70,2,8,1,2,370,999,15.0,6.0,18100.0
12,01106,60,49,2,9,4,1,271,370,21.0,1.0,138000.0
12,01113,40,58,2,8,1,2,370,999,22.0,1.0,106000.0
12,01113,42,60,1,8,1,2,370,999,22.0,1.0,65000.0
12,01113,53,33,1,8,1,2,370,999,20.0,6.0,0.0
12,01113,39,27,2,8,1,1,370,999,21.0,1.0,37000.0
12,01113,64,95,2,8,1,2,370,999,15.0,6.0,9000.0
12,09506,111,22,1,8,1,2,370,999,19.0,1.0,46800.0
12,08623,56,76,1,9,1,2,370,999,24.0,6.0,205600.0
12,09906,57,52,2,9,1,2,901,370,22.0,1.0,70000.0
12,01105,103,25,1,1,1,1,370,051,21.0,1.0,34400.0
12,03102,50,70,2,9,1,2,370,999,20.0,6.0,14300.0
12,05703,81,70,1,6,1,2,370,615,21.0,6.0,2400.0
12,08303,147,71,1,9,1,2,903,370,20.0,6.0,0.0
12,10101,197,65,2,8,1,2,370,999,12.0,6.0,470.0
12,10101,257,69,1,8,1,2,370,999,8.0,6.0,1400.0
12,09506,194,60,2,8,1,2,370,939,16.0,1.0,10000.0
12,09506,211,37,1,8,1,2,370,939,16.0,1.0,260000.0
12,05708,38,51,1,9,1,2,370,999,21.0,1.0,150000.0
12,10302,75,40,2,6,1,1,939,370,22.0,1.0,50000.0
12,10504,623,41,2,9,1,2,370,999,19.0,6.0,910.0
12,10504,597,38,1,9,1,2,370,999,19.0,1.0,28600.0
12,09506,85,29,2,6,1,1,370,999,21.0,3.0,15000.0
12,09505,76,18,1,9,1,1,370,308,17.0,1.0,21400.0
12,12704,159,27,1,1,1,1,370,999,16.0,1.0,78000.0
12,11503,95,53,1,2,1,2,370,999,21.0,1.0,82000.0
12,11503,108,10,1,8,1,1,051,370,7.0,,
12,01106,75,40,2,8,1,1,370,999,22.0,1.0,21500.0
12,10306,174,75,1,9,1,2,370,999,21.0,6.0,16700.0
12,09910,44,69,1,6,1,2,370,999,21.0,6.0,36000.0
12,09910,86,71,2,6,1,2,370,999,23.0,6.0,21700.0
12,10505,44,22,2,9,1,1,032,370,20.0,1.0,20000.0
12,10505,52,20,1,9,1,1,032,370,18.0,1.0,20000.0
12,10305,22,76,1,3,1,2,370,999,14.0,6.0,10700.0
12,11704,30,48,1,9,1,2,011,370,21.0,1.0,56700.0
12,11704,42,12,1,9,1,2,011,370,11.0,,
12,11704,52,10,2,9,1,2,011,370,9.0,,
12,11704,71,4,1,9,1,2,011,370,2.0,,
12,11704,62,4,2,9,1,2,011,370,2.0,,
12,08621,44,52,1,6,1,2,370,999,17.0,1.0,86000.0
12,08621,43,44,2,6,1,2,370,999,17.0,1.0,10000.0
12,08621,45,13,1,6,1,1,370,999,10.0,,
12,08621,59,17,2,6,1,1,370,999,14.0,6.0,0.0
12,01102,201,42,1,9,1,2,370,999,17.0,1.0,50000.0
12,08621,72,76,1,9,1,2,370,999,22.0,1.0,26200.0
12,08621,80,52,2,9,1,2,370,999,20.0,1.0,25000.0
12,08621,98,28,1,8,1,1,370,999,19.0,1.0,13000.0
12,08621,97,22,1,9,1,1,370,999,20.0,1.0,15400.0
12,08621,105,21,2,9,1,2,370,999,19.0,1.0,18000.0
12,08621,61,19,2,9,1,2,370,999,19.0,1.0,7000.0
12,08621,89,18,1,9,1,2,370,999,14.0,6.0,10800.0
12,11103,96,37,2,9,1,1,370,999,21.0,1.0,28800.0
12,11103,57,8,2,9,1,1,370,032,4.0,,
12,11103,57,8,1,9,1,1,370,032,4.0,,
12,01105,70,60,2,9,1,2,370,999,17.0,1.0,32000.0
12,01105,118,38,1,9,1,2,370,999,17.0,1.0,46000.0
12,01104,137,56,1,9,1,2,370,999,16.0,1.0,120000.0
12,01104,153,23,1,9,1,1,370,999,20.0,1.0,25000.0
12,10301,244,40,2,9,1,1,308,370,22.0,3.0,23900.0
12,09701,90,62,1,6,1,2,370,249,20.0,3.0,18000.0
12,09503,64,38,2,8,1,1,370,999,21.0,3.0,38500.0
12,09503,97,38,1,8,1,1,370,939,16.0,1.0,65000.0
12,09503,76,9,2,8,1,1,370,939,6.0,,
12,09503,81,0,1,8,1,1,370,939,,,
12,03103,134,36,2,9,1,1,301,370,22.0,1.0,81000.0
12,05704,59,34,1,9,1,1,022,370,22.0,1.0,595500.0
12,05704,61,7,1,9,1,1,050,370,4.0,,
12,05704,60,5,1,9,1,1,050,370,1.0,,
12,05704,71,3,1,9,1,1,050,370,1.0,,
12,05704,55,0,2,9,1,1,050,370,,,
12,08500,142,62,2,6,1,2,370,620,15.0,3.0,4200.0
12,01111,88,35,2,6,1,1,615,370,22.0,2.0,90000.0
12,09503,105,36,1,6,1,1,370,999,21.0,1.0,150000.0
12,09503,85,8,2,6,1,1,314,370,5.0,,
12,09503,62,6,1,6,1,1,314,370,1.0,,
12,09903,458,54,1,9,1,2,370,999,19.0,1.0,103000.0
12,01113,215,38,1,8,1,2,370,999,16.0,1.0,19000.0
12,01113,216,22,2,8,1,2,370,999,1.0,6.0,0.0
12,01113,213,3,1,8,1,1,370,999,1.0,,
12,09502,32,72,1,6,1,2,730,370,17.0,6.0,76900.0
12,05707,58,31,2,9,22,1,370,620,21.0,1.0,70000.0
12,01111,57,62,1,6,1,2,370,999,21.0,6.0,52000.0
12,01111,48,60,2,6,1,2,370,999,16.0,1.0,10000.0
12,01111,57,21,2,6,1,1,370,999,19.0,6.0,0.0
12,01111,94,19,1,6,1,1,370,999,19.0,6.0,0.0
12,01901,377,49,2,6,1,1,615,370,22.0,1.0,13500.0
12,07106,70,61,1,9,1,2,370,999,14.0,1.0,80000.0
12,07106,74,62,2,9,1,2,370,999,14.0,1.0,35000.0
12,11704,109,42,1,9,1,1,902,370,21.0,1.0,59000.0
12,09905,142,7,1,9,1,1,370,335,4.0,,
12,09905,135,5,2,9,1,1,370,335,2.0,,
12,09502,168,61,1,9,1,2,370,999,14.0,1.0,62000.0
12,09502,151,56,2,9,1,2,370,999,15.0,6.0,0.0
12,01104,83,76,1,6,1,2,370,999,21.0,6.0,9100.0
12,08303,65,85,1,9,1,2,370,999,21.0,6.0,56800.0
12,08303,57,83,2,9,1,2,370,999,17.0,6.0,29200.0
12,10302,85,59,2,8,1,2,370,999,17.0,1.0,18000.0
12,09509,107,25,2,9,3,1,261,370,22.0,1.0,35000.0
12,01109,37,58,2,9,1,2,314,370,20.0,6.0,103000.0
12,09506,376,37,1,9,1,2,370,999,19.0,1.0,69000.0
12,09506,388,30,2,9,1,2,370,999,19.0,6.0,0.0
12,01117,382,68,2,8,1,2,370,999,18.0,6.0,55000.0
12,01117,417,72,1,8,1,2,370,999,16.0,6.0,31200.0
12,11702,176,66,1,9,1,2,370,999,22.0,6.0,215600.0
12,11702,97,65,2,9,1,2,370,999,19.0,6.0,33200.0
12,05707,125,33,1,9,1,1,370,022,22.0,1.0,220000.0
13,01303,42,19,2,9,1,1,902,370,16.0,1.0,197000.0
13,01602,59,38,2,2,1,1,370,314,22.0,1.0,95000.0
13,01602,69,6,2,2,1,1,370,314,4.0,,
13,01404,702,23,1,9,1,2,370,999,21.0,1.0,50000.0
13,01408,92,50,1,8,24,2,370,999,19.0,1.0,82200.0
13,01407,305,27,2,9,1,1,308,370,21.0,1.0,86040.0
13,01506,307,55,2,9,1,2,370,999,24.0,1.0,100000.0
13,01506,284,56,1,9,1,2,370,999,21.0,1.0,60000.0
13,01506,441,26,2,2,1,1,370,999,20.0,6.0,0.0
13,01301,50,48,1,9,1,2,370,999,9.0,1.0,36000.0
13,01301,63,52,2,9,1,2,370,999,11.0,1.0,4600.0
13,01301,88,18,1,9,1,2,370,999,15.0,3.0,1200.0
13,01501,92,57,2,9,1,1,022,370,21.0,3.0,6000.0
13,01607,70,66,1,9,1,2,370,999,16.0,1.0,30000.0
13,01607,71,31,2,9,1,2,370,999,21.0,1.0,60000.0
13,01506,510,61,2,2,1,2,370,999,21.0,1.0,30000.0
13,01200,202,27,2,2,1,2,370,999,20.0,6.0,0.0
13,01506,153,52,2,8,1,2,370,050,17.0,1.0,18500.0
13,01506,228,33,1,8,1,2,370,999,17.0,1.0,45000.0
13,01605,46,60,1,9,1,2,370,999,16.0,1.0,126000.0
13,01605,47,55,2,9,1,2,370,999,18.0,6.0,0.0
13,02302,74,62,2,9,1,2,370,329,24.0,1.0,48000.0
13,02302,69,66,1,9,1,2,370,999,17.0,1.0,40000.0
13,02302,107,26,2,2,1,1,370,999,21.0,1.0,18000.0
13,02302,75,80,2,9,1,2,903,370,20.0,6.0,21400.0
13,01502,134,38,2,2,1,1,308,370,21.0,1.0,76400.0
13,00601,93,46,2,6,1,2,615,370,21.0,3.0,0.0
13,01605,43,48,2,8,22,2,370,249,17.0,6.0,0.0
13,01605,69,54,1,8,22,2,370,249,20.0,6.0,131000.0
13,01607,66,59,2,9,1,2,370,999,19.0,1.0,31300.0
13,01607,92,25,2,9,1,1,370,939,16.0,1.0,32400.0
13,01607,86,22,1,2,1,1,370,939,16.0,1.0,33500.0
13,01502,109,46,2,9,1,2,370,999,15.0,1.0,26400.0
13,01607,160,48,1,2,1,2,370,939,22.0,1.0,100000.0
13,01501,176,27,2,9,1,1,370,999,22.0,1.0,53110.0
13,01404,215,35,1,8,1,2,370,999,21.0,1.0,122000.0
13,01304,60,59,1,9,1,2,370,999,21.0,1.0,81000.0
13,01408,49,67,1,2,1,2,370,999,19.0,6.0,4600.0
13,02202,295,23,1,2,1,1,370,999,20.0,1.0,18100.0
13,02202,270,15,1,2,1,1,329,370,13.0,,0.0
13,00500,78,25,1,9,1,1,370,022,18.0,1.0,38600.0
13,01408,204,38,2,2,1,2,370,999,19.0,1.0,40000.0
13,01408,217,40,1,2,1,2,370,999,22.0,1.0,75000.0
13,01506,98,64,2,9,1,2,370,999,1.0,1.0,48000.0
13,01506,186,26,1,9,1,2,370,999,15.0,1.0,29000.0
13,02100,294,53,1,9,1,1,370,541,20.0,6.0,0.0
13,02100,146,4,2,9,3,1,370,541,2.0,,
13,02100,94,82,2,9,1,2,370,999,21.0,6.0,12000.0
13,01407,195,28,2,8,1,1,370,999,23.0,1.0,101000.0
13,01605,192,69,2,2,1,2,370,999,19.0,6.0,1400.0
13,01607,51,56,1,2,1,2,370,999,21.0,1.0,64000.0
13,01607,44,54,2,2,1,2,370,999,1.0,1.0,33000.0
13,01506,95,44,2,9,22,2,370,999,21.0,1.0,24300.0
13,01506,235,22,1,9,1,1,370,999,21.0,6.0,0.0
13,01506,306,13,1,9,1,1,370,999,10.0,,
13,01407,117,32,1,9,1,2,901,370,16.0,1.0,100000.0
13,02201,67,58,2,8,1,2,370,999,16.0,1.0,43000.0
13,02201,70,62,1,8,1,2,370,999,17.0,1.0,98000.0
13,01506,237,62,1,9,1,2,370,999,17.0,2.0,20000.0
13,01506,282,48,2,9,1,2,370,999,19.0,3.0,0.0
13,01603,61,57,1,9,1,2,335,370,20.0,1.0,76000.0
13,01603,56,60,2,9,1,2,335,370,17.0,6.0,10.0
13,01603,78,26,1,9,1,1,335,370,19.0,1.0,62000.0
13,01505,440,37,2,2,1,1,325,370,21.0,1.0,55000.0
13,01501,77,21,2,9,1,1,370,999,21.0,1.0,33340.0
13,01505,68,61,2,2,1,2,370,999,22.0,1.0,154000.0
13,01505,62,62,1,2,1,2,370,999,21.0,1.0,133000.0
13,01100,163,44,2,2,1,2,370,999,22.0,1.0,77000.0
13,01303,412,50,2,9,1,1,903,370,21.0,1.0,60000.0
13,01603,173,44,2,2,3,1,261,370,22.0,1.0,181500.0
13,01603,186,12,1,2,3,1,261,370,9.0,,
13,01603,174,8,2,2,3,1,261,370,5.0,,
13,01603,174,8,2,2,3,1,261,370,4.0,,
13,01607,79,64,1,2,1,2,370,999,16.0,6.0,9000.0
13,04701,103,35,2,9,1,2,370,999,18.0,1.0,34800.0
13,02202,160,47,2,9,1,2,615,370,21.0,1.0,30000.0
13,01607,70,39,1,2,1,2,370,999,21.0,1.0,56000.0
13,02800,35,33,2,2,1,1,370,999,18.0,1.0,36000.0
13,02202,55,67,2,9,1,2,370,999,24.0,6.0,36000.0
13,02202,46,72,1,9,1,2,370,999,15.0,6.0,28000.0
13,02202,74,43,2,9,1,2,370,999,21.0,1.0,5500.0
13,01606,33,34,2,8,2,1,210,370,22.0,1.0,55000.0
13,01606,26,33,1,8,2,1,210,370,16.0,1.0,20000.0
13,01502,48,69,1,9,1,2,370,999,20.0,6.0,108000.0
13,01502,55,65,2,9,1,2,370,999,17.0,6.0,25900.0
13,01504,153,29,1,9,1,1,370,999,23.0,1.0,63000.0
13,01407,200,63,2,6,1,2,370,999,17.0,6.0,0.0
13,01607,63,46,1,9,1,2,370,999,16.0,1.0,37000.0
13,01607,82,12,1,9,1,1,901,370,9.0,,
13,01301,73,35,2,9,1,2,370,999,22.0,1.0,181380.0
13,03800,129,22,2,9,1,2,370,999,16.0,1.0,500.0
13,03800,149,47,2,9,1,2,370,999,18.0,6.0,0.0
15,00301,96,41,1,9,1,2,370,999,21.0,1.0,29000.0
15,00301,75,27,2,9,1,2,370,999,21.0,1.0,60000.0
16,00800,45,38,1,6,1,2,370,999,24.0,1.0,92000.0
17,09701,57,60,2,8,1,2,370,999,19.0,1.0,48500.0
17,04305,260,28,2,8,1,1,370,999,22.0,1.0,85000.0
17,03118,80,34,2,8,1,1,370,999,21.0,1.0,90500.0
18,00104,58,62,2,8,1,2,370,999,15.0,1.0,15000.0
18,01200,204,56,2,9,1,2,370,999,16.0,6.0,7000.0
18,01200,328,23,1,9,1,1,370,032,16.0,1.0,30000.0
18,01200,394,17,1,9,1,1,370,032,14.0,1.0,9000.0
18,02405,45,62,1,9,1,1,370,999,16.0,6.0,0.0
18,02402,104,45,1,8,1,2,370,939,16.0,6.0,12000.0
21,01704,50,41,1,9,1,1,370,195,21.0,1.0,111000.0
21,01704,60,9,1,9,1,1,195,370,6.0,,
21,01704,60,5,1,9,1,1,195,370,2.0,,
22,01000,11,58,2,9,1,2,370,999,17.0,6.0,0.0
22,00700,24,43,1,9,1,1,903,370,20.0,1.0,65300.0
22,01503,244,79,2,1,1,2,022,370,22.0,6.0,175180.0
22,00300,15,62,1,9,1,2,370,999,18.0,1.0,121000.0
24,01007,176,62,2,2,1,2,370,999,16.0,3.0,1000.0
24,00502,263,90,1,9,1,2,370,999,20.0,6.0,4500.0
24,01004,153,33,2,8,1,1,914,370,19.0,1.0,67000.0
24,01102,25,50,1,6,1,2,370,914,24.0,1.0,611000.0
24,01102,25,79,1,6,1,2,370,999,16.0,6.0,8000.0
24,01005,64,77,2,2,1,2,370,999,19.0,6.0,25400.0
24,01102,75,74,1,9,1,2,370,999,21.0,6.0,33200.0
24,01102,72,71,2,9,1,2,370,999,16.0,1.0,66000.0
24,01102,74,68,2,9,1,2,370,999,16.0,1.0,78000.0
24,01105,196,65,1,9,1,2,370,999,21.0,1.0,7000.0
24,01203,83,24,2,9,1,2,370,999,21.0,1.0,90000.0
24,01007,366,31,2,9,2,1,210,370,21.0,1.0,105500.0
24,01006,474,0,1,9,11,1,226,370,,,
24,01006,104,26,1,9,1,1,370,914,19.0,1.0,81000.0
24,01005,30,66,2,2,1,2,370,999,20.0,1.0,31700.0
24,00902,132,49,2,9,1,2,370,330,21.0,2.0,50000.0
24,00902,87,48,1,9,1,2,370,999,18.0,1.0,90000.0
24,00902,145,15,1,2,1,1,370,999,13.0,,0.0
24,00902,125,14,1,2,1,2,370,999,12.0,,
24,00901,93,45,1,6,1,2,370,999,19.0,1.0,65000.0
24,01105,59,53,2,2,1,1,308,370,23.0,1.0,611000.0
24,01700,94,46,2,9,1,2,903,370,20.0,1.0,58000.0
24,01700,180,18,2,2,1,1,902,370,18.0,3.0,0.0
24,01700,132,11,2,2,1,1,902,370,8.0,,
24,01106,24,76,1,6,1,2,370,999,22.0,6.0,84000.0
24,01106,43,75,2,6,1,2,370,999,20.0,6.0,10300.0
24,01102,56,31,2,9,1,1,308,370,22.0,1.0,80000.0
24,01006,95,31,1,8,1,1,370,999,19.0,1.0,130000.0
24,01006,157,3,1,9,1,1,370,999,1.0,,
24,01106,100,73,2,2,1,2,370,999,16.0,6.0,31000.0
24,01102,72,58,2,2,1,2,903,370,22.0,1.0,78000.0
24,00700,702,48,1,2,1,1,902,370,19.0,6.0,45000.0
24,00700,480,13,1,2,1,1,902,370,10.0,,
24,01105,108,63,2,9,1,2,370,999,20.0,6.0,11000.0
24,01105,119,67,1,9,1,2,370,999,23.0,1.0,148600.0
24,01700,49,44,2,8,1,2,370,615,22.0,6.0,5000.0
24,01104,121,43,1,2,1,2,370,999,19.0,1.0,82000.0
24,01107,62,70,2,9,1,2,370,999,19.0,6.0,30800.0
24,01103,41,77,2,9,1,2,370,999,20.0,6.0,11600.0
24,00602,62,52,2,9,22,1,370,335,21.0,1.0,72800.0
24,01103,82,64,1,9,1,2,370,999,16.0,1.0,70000.0
24,01103,88,61,2,9,1,2,370,999,16.0,1.0,52000.0
24,00903,64,27,2,2,1,1,308,370,22.0,1.0,65000.0
24,01003,307,20,1,9,1,1,314,370,19.0,6.0,670.0
24,01106,55,57,2,2,1,2,370,999,19.0,1.0,105400.0
24,01101,295,42,2,9,1,1,314,370,21.0,1.0,92000.0
24,01004,78,37,2,8,1,2,370,999,22.0,1.0,108000.0
24,01004,75,4,2,9,1,1,615,370,2.0,,
24,01004,74,3,2,9,1,1,615,370,2.0,,
24,01201,136,51,2,2,1,1,902,370,22.0,1.0,95000.0
24,01300,49,67,2,8,1,2,370,999,16.0,6.0,15000.0
24,01300,83,30,1,8,1,1,370,999,19.0,1.0,115000.0
24,01300,86,27,2,8,1,1,370,999,16.0,1.0,30000.0
24,01105,121,30,1,8,1,1,370,999,21.0,1.0,109000.0
24,00804,48,25,2,2,1,1,308,370,23.0,1.0,20000.0
24,00804,55,21,1,2,1,1,308,370,16.0,6.0,2500.0
24,01007,52,68,1,9,1,2,370,999,20.0,1.0,51000.0
24,01007,43,53,2,9,1,2,370,999,17.0,1.0,23000.0
24,01107,321,50,2,9,1,2,370,999,20.0,1.0,39000.0
24,01001,96,48,2,9,1,2,370,999,21.0,1.0,65000.0
24,00903,182,40,2,2,1,1,370,999,21.0,1.0,68200.0
24,00502,115,73,2,8,1,2,940,370,17.0,6.0,4500.0
24,01103,311,53,2,2,1,2,370,999,16.0,1.0,40000.0
25,00606,57,43,1,9,1,1,129,370,19.0,6.0,2900.0
25,00611,76,72,1,2,1,1,370,999,19.0,6.0,1960.0
25,00611,51,27,2,2,1,2,308,370,21.0,1.0,41400.0
25,00610,77,26,2,9,1,1,370,308,20.0,1.0,37000.0
25,00610,102,2,1,2,1,1,301,370,,,
25,00902,94,24,2,9,1,1,370,939,21.0,1.0,80000.0
25,00505,272,43,2,9,1,2,370,999,21.0,1.0,69900.0
25,00505,385,55,1,9,1,2,370,999,21.0,1.0,107000.0
25,00806,149,36,2,9,1,2,370,336,22.0,1.0,137050.0
25,00802,46,34,1,9,1,1,680,370,21.0,1.0,205000.0
26,01002,125,30,1,9,1,1,020,370,19.0,1.0,16000.0
26,03203,181,24,1,8,1,2,370,999,23.0,6.0,0.0
27,01606,120,56,2,2,1,2,370,249,18.0,1.0,12000.0
27,01606,164,28,2,8,1,2,370,999,19.0,1.0,43000.0
27,00101,243,16,1,9,1,1,050,370,12.0,1.0,1500.0
27,00101,240,13,1,9,1,1,050,370,10.0,,
27,01703,118,19,2,9,1,1,177,370,16.0,1.0,500.0
27,01603,472,36,1,9,1,1,370,999,16.0,6.0,150000.0
27,01603,441,40,2,9,2,2,370,999,16.0,1.0,50000.0
27,01604,132,69,1,6,1,2,370,615,16.0,6.0,20700.0
27,01503,299,25,1,9,1,1,902,370,21.0,1.0,174500.0
27,01607,155,54,2,9,1,2,370,999,16.0,1.0,68000.0
27,01607,128,18,2,9,1,2,370,999,16.0,1.0,18000.0
27,01702,43,44,2,9,1,1,370,999,5.0,1.0,50000.0
27,01702,38,22,1,9,1,1,370,999,19.0,1.0,40000.0
27,01702,37,19,1,9,1,1,370,999,16.0,1.0,17670.0
28,01800,46,20,1,2,1,1,902,370,18.0,6.0,12000.0
32,00409,47,47,1,2,1,2,370,999,23.0,1.0,250000.0
34,01407,16,76,1,9,1,2,370,999,16.0,6.0,0.0
34,00601,146,68,1,6,1,2,370,999,16.0,1.0,76000.0
34,00601,114,68,2,6,1,2,370,999,16.0,6.0,20000.0
34,00603,68,30,1,6,1,1,370,999,21.0,1.0,160000.0
34,01003,268,62,1,9,1,2,370,999,22.0,1.0,117520.0
34,01003,92,58,2,9,1,2,370,999,19.0,1.0,76140.0
34,00601,39,72,1,8,1,2,730,370,23.0,1.0,70870.0
34,00601,55,71,2,8,1,2,730,370,16.0,1.0,47700.0
34,01402,67,40,2,2,1,1,370,999,21.0,1.0,46600.0
34,00602,150,49,2,9,1,2,370,999,20.0,1.0,50000.0
34,00602,152,74,1,8,1,2,370,999,15.0,6.0,9600.0
34,00602,101,72,2,8,1,2,370,999,15.0,6.0,7200.0
34,00307,53,42,2,9,1,1,370,999,15.0,6.0,0.0
34,00307,61,5,2,9,1,1,051,370,2.0,,
34,00307,59,3,2,9,1,1,051,370,2.0,,
34,01407,340,54,2,9,22,2,370,249,16.0,1.0,10000.0
34,01407,308,21,1,2,1,1,370,999,20.0,6.0,0.0
34,01903,54,57,1,6,1,2,370,999,21.0,6.0,58000.0
34,01903,58,56,2,6,1,2,370,999,18.0,6.0,20000.0
34,01502,69,48,1,9,5,1,275,370,21.0,1.0,6200.0
34,02501,58,20,1,2,1,1,370,999,16.0,1.0,34300.0
34,01401,53,42,1,8,1,1,370,999,21.0,1.0,139000.0
34,01405,135,79,2,6,1,2,370,999,16.0,1.0,28000.0
34,00502,52,34,2,9,1,1,370,618,20.0,1.0,75300.0
34,00604,216,27,2,9,1,2,370,999,21.0,1.0,26000.0
34,01402,194,49,2,2,1,2,370,999,16.0,1.0,19000.0
34,01402,235,56,1,2,1,2,370,999,16.0,1.0,72000.0
34,01402,364,18,1,2,1,2,370,999,14.0,6.0,0.0
34,02201,46,55,1,6,1,2,370,999,20.0,1.0,110000.0
34,02201,74,53,2,6,1,2,370,999,20.0,1.0,20600.0
34,00906,76,37,2,2,1,1,370,999,20.0,1.0,60000.0
34,01407,244,33,1,9,1,1,370,999,21.0,1.0,54000.0
34,00901,57,58,2,6,1,2,730,370,21.0,1.0,250000.0
34,00901,73,61,1,6,1,2,730,370,21.0,1.0,150000.0
34,01407,226,60,1,2,1,2,370,999,18.0,3.0,500.0
34,01407,251,23,2,2,1,1,900,370,19.0,1.0,12000.0
34,00903,28,63,1,9,1,2,370,999,15.0,6.0,93600.0
34,00903,29,54,2,9,1,2,370,999,15.0,1.0,28200.0
34,00903,53,30,1,9,1,1,370,939,18.0,2.0,42200.0
34,00903,39,70,1,9,1,2,370,999,15.0,6.0,0.0
34,00307,81,49,1,9,1,1,084,370,20.0,1.0,150000.0
34,00504,39,33,2,9,1,2,918,370,22.0,1.0,84000.0
34,01402,172,59,1,2,1,2,370,999,16.0,1.0,55000.0
34,01402,169,56,2,2,1,2,370,999,16.0,1.0,33000.0
34,01402,231,24,2,2,1,1,370,999,21.0,1.0,5700.0
34,01402,232,21,2,2,1,1,370,999,19.0,6.0,0.0
34,01402,247,0,1,2,1,1,370,999,,,
34,01407,65,94,2,8,1,2,370,999,11.0,6.0,0.0
34,01407,50,66,1,8,1,2,370,999,20.0,1.0,37900.0
34,00304,31,34,2,6,1,1,370,999,18.0,6.0,30000.0
34,00605,157,27,1,9,1,2,370,999,18.0,1.0,80000.0
34,00601,98,33,2,9,1,1,308,370,21.0,1.0,286000.0
34,01501,173,31,2,8,1,1,370,999,19.0,1.0,39000.0
34,01901,112,44,2,6,1,2,370,999,8.0,1.0,2100.0
34,01901,76,22,2,6,1,1,370,999,19.0,6.0,7000.0
34,01901,77,18,2,6,1,1,370,999,18.0,6.0,0.0
34,00602,260,56,2,6,1,2,370,999,17.0,1.0,10400.0
34,01105,81,24,2,6,1,1,370,999,21.0,1.0,20000.0
34,00901,56,28,2,9,1,2,370,999,22.0,1.0,100000.0
34,01901,202,37,2,2,1,2,370,999,19.0,3.0,0.0
34,01901,263,13,2,2,1,1,902,370,10.0,,
34,01901,266,9,1,2,1,1,902,370,6.0,,
34,00602,70,44,1,8,1,2,370,615,23.0,1.0,260000.0
34,01904,65,31,2,2,1,1,370,999,22.0,1.0,98800.0
34,01002,108,31,1,8,1,1,370,999,20.0,1.0,50000.0
34,01407,371,34,2,9,1,1,541,370,20.0,1.0,43300.0
34,01501,304,35,1,2,1,2,370,999,16.0,1.0,96000.0
34,00601,81,67,2,6,1,2,370,999,16.0,1.0,20000.0
34,02001,85,48,1,2,1,2,370,999,16.0,1.0,12000.0
34,01405,265,66,1,9,1,2,370,999,16.0,1.0,14000.0
34,01405,416,42,2,9,1,2,370,999,16.0,6.0,31000.0
34,01405,563,22,2,9,1,2,370,999,16.0,6.0,25000.0
34,01405,411,20,1,9,1,2,370,999,15.0,6.0,28000.0
34,01405,286,15,2,9,1,2,370,999,13.0,,0.0
34,01405,83,66,1,8,1,2,370,999,21.0,6.0,46700.0
34,01404,44,75,2,9,1,2,370,999,19.0,6.0,84600.0
34,01504,73,86,1,9,1,2,370,999,21.0,6.0,39400.0
34,01901,62,37,2,9,1,2,370,999,21.0,1.0,65000.0
34,01901,82,37,1,9,1,2,370,999,17.0,6.0,6000.0
34,01001,320,70,2,9,1,2,370,999,16.0,6.0,20400.0
34,00602,60,67,2,1,1,2,370,999,19.0,1.0,32000.0
34,01403,81,44,2,9,1,1,615,370,22.0,6.0,24000.0
34,01405,117,33,2,2,1,2,370,999,20.0,1.0,18000.0
34,01402,33,60,2,9,1,2,370,999,16.0,1.0,38000.0
34,01402,248,32,2,9,1,2,370,999,21.0,1.0,80000.0
34,01402,198,31,2,9,1,2,370,999,20.0,1.0,55000.0
34,01402,192,60,1,9,1,2,370,999,17.0,1.0,20000.0
34,01402,180,12,2,2,1,1,370,084,9.0,,
34,01402,212,5,1,2,1,1,370,902,2.0,,
34,01205,121,22,1,8,1,1,308,370,20.0,1.0,8000.0
34,01205,108,21,2,8,1,1,308,370,20.0,1.0,3500.0
34,01106,14,49,2,2,1,2,370,999,20.0,1.0,17000.0
34,00605,396,38,2,9,1,2,370,999,21.0,1.0,90000.0
34,01002,212,34,1,8,1,2,370,999,19.0,1.0,35000.0
34,01002,228,33,2,8,1,2,370,999,18.0,1.0,60000.0
34,01002,124,5,1,8,1,1,370,999,2.0,,
34,00301,148,40,1,2,1,1,370,999,22.0,1.0,120000.0
34,01903,177,28,1,9,1,2,370,999,16.0,1.0,42000.0
34,01903,114,25,2,9,1,2,370,999,16.0,1.0,41000.0
34,01501,55,56,2,2,1,2,370,999,19.0,2.0,104250.0
34,00602,77,41,2,8,1,2,370,914,15.0,1.0,106000.0
34,00602,25,19,2,9,1,2,370,999,16.0,1.0,6000.0
34,00602,69,70,2,6,1,2,370,999,15.0,6.0,102700.0
34,01406,45,33,2,6,1,2,370,999,21.0,1.0,101000.0
34,00602,72,66,2,8,1,2,370,999,18.0,1.0,64000.0
34,00602,101,67,1,8,1,2,370,999,1.0,1.0,95000.0
34,01405,287,60,1,9,1,2,370,999,16.0,1.0,36000.0
34,00903,169,40,2,2,1,1,902,370,24.0,1.0,143000.0
34,00903,199,12,2,2,1,1,902,370,9.0,,
34,00903,206,10,1,2,1,1,902,370,8.0,,
34,01700,97,50,2,2,1,2,370,999,22.0,6.0,1800.0
34,00502,86,43,1,6,1,2,370,615,21.0,1.0,130000.0
34,00502,61,9,2,6,1,1,370,314,6.0,,
34,00502,69,8,1,6,1,1,370,314,5.0,,
34,00502,72,2,1,6,1,1,370,314,,,
34,01405,222,72,2,9,1,2,370,999,19.0,6.0,22700.0
34,00501,198,32,1,9,1,1,370,032,16.0,1.0,91000.0
34,01404,197,29,1,9,1,2,370,999,20.0,1.0,40000.0
34,00101,178,40,1,8,1,2,370,999,16.0,1.0,10000.0
34,00902,60,52,2,9,1,2,370,301,22.0,1.0,88000.0
34,01407,227,48,2,9,1,2,370,999,22.0,1.0,75000.0
34,01407,209,6,2,9,1,1,370,999,5.0,,
34,02003,67,67,1,2,1,2,370,999,16.0,6.0,36600.0
34,01407,227,60,1,2,1,2,370,999,1.0,6.0,0.0
34,01407,283,18,1,2,1,1,322,370,16.0,6.0,0.0
34,00902,46,66,2,9,1,2,370,999,21.0,6.0,21300.0
34,00902,55,76,1,2,1,2,370,999,17.0,6.0,1800.0
34,00605,48,80,1,8,1,2,370,999,15.0,6.0,16000.0
34,00605,68,77,2,8,1,2,370,999,15.0,6.0,5500.0
34,00605,37,45,1,8,1,2,370,999,15.0,1.0,9600.0
34,01405,171,54,1,2,1,2,370,999,19.0,1.0,35140.0
34,01405,164,46,2,9,1,2,370,999,20.0,1.0,47000.0
34,01405,125,16,2,2,1,1,370,999,14.0,6.0,0.0
34,01405,240,14,1,2,1,1,370,999,12.0,,
34,00304,293,50,1,9,1,2,370,999,16.0,1.0,95000.0
34,00304,157,27,1,2,1,2,370,999,16.0,6.0,0.0
34,00304,446,18,2,9,1,1,370,999,18.0,6.0,0.0
34,01901,244,34,2,2,1,1,902,370,21.0,6.0,0.0
34,01003,54,84,1,2,1,2,370,999,18.0,6.0,23000.0
34,01003,71,71,2,2,1,2,370,999,18.0,6.0,7600.0
34,01402,69,64,2,2,1,2,370,999,11.0,1.0,14700.0
34,00604,528,43,2,9,1,2,370,999,21.0,1.0,92000.0
34,00604,203,14,1,6,1,1,370,999,11.0,,
34,00604,320,9,2,6,1,1,370,999,6.0,,
34,00304,115,8,1,9,3,1,261,370,5.0,,
34,01407,75,29,1,9,10,1,370,225,22.0,1.0,152000.0
34,00602,78,40,2,2,1,1,370,999,21.0,2.0,250000.0
34,01405,424,69,2,9,1,2,370,999,16.0,6.0,6000.0
34,00302,65,60,2,8,1,2,370,999,20.0,6.0,39000.0
34,00302,67,66,1,8,1,2,370,999,21.0,6.0,21100.0
34,00302,54,33,2,8,1,1,370,999,23.0,1.0,40000.0
34,01405,202,39,2,9,1,2,370,999,21.0,1.0,90000.0
34,00906,146,35,2,8,1,1,370,999,21.0,1.0,170000.0
34,00906,159,42,1,8,1,2,370,999,21.0,1.0,100000.0
34,00906,200,15,2,8,1,1,370,999,11.0,,0.0
34,00906,159,10,2,8,1,1,370,999,6.0,,
34,00602,310,34,1,8,1,2,370,999,16.0,1.0,96000.0
34,01402,119,72,1,6,1,2,370,999,21.0,1.0,124700.0
34,01402,118,27,1,6,1,2,370,615,21.0,1.0,30060.0
34,01401,69,60,1,9,1,2,370,249,20.0,1.0,59000.0
34,02401,94,61,2,2,1,2,370,999,19.0,6.0,0.0
34,01502,21,10,1,2,5,1,275,370,7.0,,
36,04402,77,85,2,2,1,2,370,999,14.0,6.0,0.0
36,00403,65,77,2,6,1,2,370,999,20.0,6.0,11900.0
36,00600,36,19,2,9,1,1,370,999,18.0,6.0,8000.0
36,04312,330,55,1,2,1,2,370,999,17.0,6.0,14400.0
36,03002,47,20,2,2,1,2,370,999,19.0,6.0,6000.0
36,04317,4,55,1,2,1,2,370,999,17.0,6.0,14400.0
36,04302,53,58,1,6,1,2,730,370,19.0,3.0,2200.0
36,04402,19,85,2,2,1,2,370,999,14.0,6.0,0.0
36,04412,83,85,2,2,1,2,370,999,14.0,6.0,0.0
36,04412,47,82,1,2,1,2,370,999,19.0,6.0,14900.0
36,04408,109,19,1,2,1,1,336,370,18.0,6.0,0.0
36,04221,42,28,1,9,3,1,370,261,15.0,3.0,1000.0
36,03205,20,22,2,9,1,1,370,999,21.0,1.0,6000.0
36,04204,94,22,2,2,1,1,370,999,18.0,3.0,10500.0
36,04221,142,22,2,2,1,1,370,999,18.0,3.0,10500.0
36,04121,87,18,2,6,1,1,615,370,19.0,6.0,560.0
36,02001,42,18,2,9,1,2,370,999,19.0,6.0,0.0
36,04302,21,55,1,2,1,2,370,999,17.0,6.0,14400.0
36,04413,63,82,1,2,1,2,370,999,19.0,6.0,14900.0
36,01700,91,29,1,9,3,1,370,261,14.0,3.0,1000.0
36,04263,43,22,2,2,1,1,370,999,18.0,3.0,10500.0
36,03206,52,28,1,9,3,1,370,261,15.0,3.0,1000.0
36,03002,29,20,2,2,1,2,370,999,19.0,6.0,6000.0
36,02002,35,18,2,9,1,2,370,999,18.0,6.0,0.0
36,03304,30,25,2,8,1,1,370,999,21.0,1.0,26300.0
36,04414,33,76,2,6,1,2,370,999,12.0,6.0,11900.0
36,03313,62,26,2,8,1,1,370,999,22.0,1.0,26300.0
36,04302,5,55,1,2,1,2,370,999,17.0,6.0,14400.0
36,04409,30,62,2,6,1,2,370,999,19.0,6.0,0.0
36,04407,4,85,2,2,1,2,370,999,14.0,6.0,0.0
36,01500,71,18,2,6,1,1,615,370,19.0,6.0,560.0
36,04317,8,58,1,6,1,2,730,370,19.0,3.0,2200.0
36,04301,55,58,1,6,1,2,730,370,19.0,3.0,2200.0
36,04413,40,34,1,8,1,1,370,999,21.0,1.0,244000.0
36,04413,34,33,2,8,1,1,370,999,22.0,1.0,105000.0
36,04413,37,2,2,8,1,1,939,370,,,
36,04413,37,0,2,8,1,1,939,370,,,
36,04409,53,61,1,8,1,2,370,999,15.0,1.0,80000.0
36,03309,100,57,1,9,1,2,370,999,19.0,6.0,12900.0
36,02204,41,52,2,8,1,2,370,999,20.0,6.0,2400.0
36,04405,71,21,1,3,1,1,370,999,20.0,1.0,300.0
36,04405,66,18,2,3,1,1,370,999,15.0,6.0,0.0
36,04405,65,13,2,3,1,1,370,999,11.0,,
36,04405,65,7,2,3,1,1,370,999,6.0,,
36,04305,59,66,2,2,1,2,370,999,21.0,2.0,105900.0
36,04305,69,43,1,9,1,2,370,999,17.0,3.0,0.0
36,04305,68,40,1,9,1,2,370,999,19.0,3.0,2800.0
36,04408,57,71,2,9,1,2,370,999,18.0,1.0,73100.0
36,04413,127,82,2,6,1,2,370,999,12.0,6.0,12900.0
36,04413,50,57,1,6,1,2,370,999,16.0,1.0,48000.0
36,04413,55,16,2,6,1,1,720,370,13.0,6.0,0.0
36,04413,37,13,2,6,1,1,720,370,10.0,,
36,04413,62,10,1,6,1,1,720,370,8.0,,
36,04409,134,68,2,9,1,2,370,999,19.0,6.0,8400.0
36,04409,154,61,1,9,1,2,370,999,15.0,6.0,22000.0
36,04409,113,33,2,9,1,1,370,999,20.0,1.0,32000.0
36,04409,154,22,1,9,1,1,370,999,19.0,1.0,32000.0
36,04410,207,31,2,6,1,1,370,999,21.0,1.0,73000.0
36,04410,207,32,1,6,1,2,370,999,20.0,1.0,40000.0
36,04410,214,7,2,6,1,1,939,370,4.0,,
36,04314,256,18,1,9,1,1,370,336,19.0,1.0,58000.0
36,04309,277,57,1,9,1,1,308,370,23.0,1.0,200000.0
36,04413,71,49,2,9,1,2,370,999,18.0,1.0,7800.0
36,04413,83,54,1,9,1,2,370,999,17.0,1.0,69000.0
36,04413,48,23,1,9,1,1,370,999,21.0,1.0,4000.0
36,04413,74,75,2,9,1,2,370,999,15.0,6.0,0.0
36,04412,36,62,2,9,1,2,370,999,16.0,6.0,0.0
36,04409,142,78,1,6,1,2,370,999,22.0,6.0,36000.0
36,03211,108,56,1,1,1,2,370,999,18.0,1.0,118000.0
36,03211,120,54,2,1,1,2,370,999,16.0,6.0,0.0
36,04410,111,35,2,8,1,2,370,620,22.0,1.0,56000.0
36,04410,73,68,2,8,1,2,370,620,17.0,1.0,81100.0
36,04412,42,56,1,9,1,2,370,999,15.0,6.0,42800.0
36,04412,66,33,2,9,1,2,370,999,20.0,3.0,0.0
36,04412,61,0,2,9,1,1,370,999,,,
36,04412,55,10,2,9,1,2,370,999,8.0,,
36,04412,29,78,2,9,1,2,370,999,15.0,6.0,16000.0
36,04409,98,40,1,8,1,2,370,999,19.0,1.0,130000.0
36,04409,98,37,2,8,1,2,370,999,23.0,1.0,28700.0
36,04409,114,6,2,8,1,1,370,999,4.0,,
36,04409,86,4,1,8,1,1,370,999,1.0,,
36,04409,75,62,2,8,1,2,370,999,11.0,6.0,3800.0
36,04314,202,62,2,9,1,2,370,999,14.0,6.0,11300.0
36,04317,215,68,2,9,1,2,370,999,16.0,1.0,15800.0
36,04302,72,35,2,8,1,1,370,999,21.0,1.0,110000.0
36,04317,96,54,2,9,1,2,370,999,21.0,1.0,85000.0
36,04307,54,85,1,8,1,2,370,999,15.0,6.0,26800.0
36,04307,51,76,2,6,1,2,370,999,1.0,6.0,5000.0
36,04305,236,45,2,2,1,2,370,335,23.0,1.0,46700.0
36,04305,239,49,1,2,1,2,370,999,17.0,1.0,39800.0
36,04305,264,12,2,2,1,1,370,999,8.0,,
36,04305,186,71,1,2,1,2,370,999,17.0,6.0,49900.0
36,04305,149,68,2,2,1,2,370,999,1.0,6.0,13000.0
36,04410,106,68,1,6,1,2,370,999,16.0,1.0,60000.0
36,04410,96,68,2,6,1,2,370,999,1.0,6.0,16500.0
36,04410,105,9,1,6,1,1,370,999,6.0,,
36,04410,97,5,2,6,1,1,370,999,3.0,,
36,04410,76,35,1,6,1,2,370,999,16.0,1.0,78000.0
36,04410,69,29,2,6,1,2,370,999,16.0,6.0,0.0
36,04409,25,75,1,9,1,2,370,999,16.0,6.0,17000.0
36,04410,71,60,1,9,1,2,370,615,16.0,6.0,24000.0
36,04210,53,52,1,9,1,2,370,999,21.0,1.0,38000.0
36,04410,152,26,1,9,1,1,370,999,20.0,1.0,35000.0
36,04410,78,0,2,9,1,1,370,999,,,
36,04318,55,71,2,9,1,2,902,370,17.0,6.0,21200.0
36,04318,54,73,1,9,1,2,370,902,20.0,6.0,33300.0
36,04318,56,44,2,9,1,2,370,902,21.0,1.0,52000.0
36,04318,44,75,2,9,1,2,370,902,19.0,1.0,43700.0
36,04318,47,48,1,9,1,2,370,902,16.0,1.0,30000.0
36,04209,122,62,2,8,1,1,370,999,16.0,6.0,51200.0
36,04209,159,60,1,8,1,1,370,999,16.0,1.0,53000.0
36,04209,104,22,2,8,1,1,370,999,20.0,1.0,44000.0
36,04408,174,42,1,8,1,2,370,999,8.0,1.0,100000.0
36,04408,186,12,1,8,1,1,370,999,10.0,,
36,04408,157,9,2,8,1,1,370,999,7.0,,
36,04408,140,72,1,8,1,2,370,999,8.0,6.0,0.0
36,04408,135,67,2,8,1,2,370,999,9.0,6.0,9900.0
36,04412,145,42,2,8,1,2,370,999,17.0,1.0,50000.0
36,04412,174,41,1,8,1,2,370,999,17.0,1.0,43700.0
36,04412,68,19,2,8,1,2,370,999,19.0,6.0,0.0
36,04412,153,17,2,8,1,2,370,999,14.0,6.0,0.0
36,04412,109,15,1,8,1,2,370,999,10.0,,0.0
36,04412,108,15,1,8,1,2,370,999,10.0,,0.0
36,04305,203,67,2,8,1,2,370,999,12.0,1.0,35000.0
36,04413,158,55,2,9,1,2,370,999,20.0,1.0,42900.0
36,04413,226,54,1,9,1,2,370,999,19.0,1.0,135000.0
36,04413,108,30,2,9,1,1,370,999,22.0,1.0,69000.0
36,04413,113,26,2,9,1,1,370,999,22.0,1.0,25600.0
36,04413,131,24,1,9,1,1,370,999,16.0,1.0,42000.0
36,02902,59,59,2,8,24,2,370,999,16.0,1.0,100000.0
36,02902,53,19,2,8,24,1,370,999,19.0,1.0,5000.0
36,04410,195,71,1,8,1,2,370,999,14.0,1.0,46600.0
36,04410,170,51,1,8,1,2,370,999,11.0,1.0,100000.0
36,04410,155,70,2,8,1,2,370,999,9.0,6.0,8900.0
36,04410,146,45,2,8,1,2,370,999,17.0,1.0,120000.0
36,02201,68,66,2,2,1,2,370,999,16.0,6.0,40000.0
36,04410,144,67,2,9,1,2,370,999,17.0,1.0,53200.0
36,04318,106,33,2,9,1,2,370,999,1.0,6.0,3200.0
36,04303,111,43,1,2,1,1,370,999,21.0,6.0,10590.0
36,04412,108,33,1,9,1,2,370,615,16.0,1.0,50000.0
36,04305,183,78,2,9,1,2,370,999,17.0,6.0,30000.0
36,04305,135,54,1,9,1,2,370,999,17.0,6.0,0.0
36,04412,103,53,2,8,1,2,370,999,17.0,1.0,7100.0
36,04412,113,22,1,8,1,1,370,999,19.0,3.0,0.0
36,03206,153,64,2,6,1,2,370,999,19.0,6.0,0.0
36,03206,146,68,1,6,1,2,370,999,18.0,1.0,40000.0
36,03206,183,34,1,6,1,1,370,999,22.0,1.0,79000.0
36,03206,182,30,1,6,1,1,370,999,22.0,1.0,70000.0
36,03206,207,28,2,6,1,1,370,999,22.0,1.0,100000.0
36,04414,256,45,1,9,1,2,370,999,17.0,1.0,90000.0
36,04414,129,18,2,9,1,1,370,999,17.0,3.0,0.0
36,04304,234,23,2,9,1,1,370,999,19.0,1.0,50000.0
36,04304,231,26,1,9,1,2,370,999,16.0,1.0,32000.0
36,04412,35,62,1,9,1,2,903,370,22.0,1.0,152000.0
36,04413,33,32,1,9,1,1,370,706,19.0,4.0,110000.0
36,04409,108,54,1,9,1,2,370,999,22.0,1.0,138000.0
36,04409,114,53,2,9,1,2,370,999,17.0,1.0,90000.0
36,04409,117,25,1,9,1,2,370,999,19.0,6.0,0.0
36,04409,87,35,1,9,1,2,370,999,15.0,1.0,85000.0
36,03205,65,36,1,9,1,2,370,795,23.0,1.0,75000.0
36,04410,61,36,2,6,1,2,370,999,16.0,1.0,45000.0
36,04308,51,34,2,2,1,1,308,370,21.0,1.0,61000.0
36,04409,46,60,2,6,1,2,370,999,16.0,1.0,85000.0
36,04409,41,85,1,6,1,2,370,999,16.0,6.0,5800.0
36,04409,55,80,2,6,1,2,370,999,16.0,6.0,10800.0
36,04412,84,58,2,9,1,2,370,999,17.0,1.0,41100.0
36,04316,97,46,1,2,1,1,902,370,21.0,1.0,145000.0
36,01700,157,77,2,8,1,2,370,999,16.0,6.0,8600.0
36,01700,168,82,1,8,1,2,370,999,8.0,6.0,8400.0
36,04404,201,75,1,9,1,2,370,999,16.0,6.0,25200.0
36,04404,252,62,2,9,1,2,370,999,16.0,6.0,16800.0
36,04404,161,43,2,9,1,2,370,999,16.0,1.0,12500.0
36,04109,108,66,2,9,1,2,370,999,21.0,6.0,48630.0
36,04109,408,3,2,2,1,1,370,434,1.0,,
36,04314,153,34,2,9,1,1,370,999,22.0,1.0,97000.0
36,04409,97,50,1,8,1,2,370,999,15.0,1.0,50000.0
36,04409,91,48,2,8,1,2,370,999,1.0,1.0,12000.0
36,04409,111,22,1,8,1,2,370,999,16.0,6.0,0.0
36,04409,111,20,1,8,1,2,370,999,16.0,6.0,0.0
36,04409,111,17,2,8,1,2,370,999,13.0,6.0,0.0
36,04409,109,16,2,8,1,2,370,999,11.0,6.0,0.0
36,04209,120,49,1,9,1,2,370,615,20.0,1.0,70200.0
36,04209,147,46,2,9,1,2,370,999,16.0,6.0,0.0
36,04209,57,19,1,9,1,1,370,999,16.0,6.0,0.0
36,04209,73,13,2,9,1,1,370,999,11.0,,
36,04412,225,29,2,9,1,1,370,615,21.0,1.0,25000.0
36,04412,169,64,2,9,1,2,370,615,17.0,1.0,58000.0
36,00903,74,78,2,8,1,2,370,999,8.0,6.0,1300.0
36,04312,227,72,2,9,1,2,370,999,19.0,1.0,79900.0
36,04312,200,55,1,2,1,1,370,999,22.0,1.0,61000.0
36,04312,280,5,2,2,1,1,370,999,3.0,,
36,04410,71,66,2,2,1,2,370,999,18.0,6.0,38200.0
36,03206,106,59,2,8,1,2,370,999,20.0,1.0,50000.0
36,04204,249,62,2,8,1,1,370,999,9.0,6.0,11300.0
36,04204,305,65,1,8,1,1,370,999,14.0,6.0,9800.0
36,04209,513,28,1,2,1,1,370,308,22.0,1.0,30000.0
36,04318,42,65,1,9,1,2,370,999,16.0,1.0,60000.0
36,04413,138,63,2,2,1,2,370,999,16.0,1.0,56000.0
36,04413,138,27,1,2,1,1,370,999,21.0,6.0,0.0
36,04309,235,45,2,9,1,2,370,999,16.0,1.0,50000.0
36,04309,296,17,2,9,1,1,370,999,14.0,6.0,0.0
36,04309,234,10,2,9,1,1,370,999,7.0,,
36,04318,148,58,2,9,1,2,370,999,17.0,1.0,48000.0
36,04318,159,54,1,9,1,2,370,999,20.0,1.0,85000.0
36,04318,164,24,1,9,1,1,370,999,20.0,1.0,10000.0
36,04318,158,21,2,9,1,1,370,999,19.0,6.0,0.0
36,04318,145,19,1,9,1,1,370,999,19.0,1.0,5000.0
36,04410,167,46,1,9,1,2,370,999,17.0,1.0,61000.0
36,04410,160,7,2,9,1,1,370,999,5.0,,
36,04410,162,4,1,9,1,1,370,999,2.0,,
36,04317,60,41,2,9,1,1,370,999,21.0,1.0,62800.0
36,04317,68,44,1,9,1,1,370,999,20.0,1.0,55000.0
36,04317,51,16,2,9,1,1,370,999,13.0,6.0,0.0
36,04317,78,12,1,9,1,1,370,314,8.0,,
36,04317,76,5,1,9,1,1,370,999,2.0,,
36,02201,83,30,2,9,1,1,068,370,21.0,1.0,77540.0
36,01700,349,23,2,8,1,1,370,999,19.0,1.0,42500.0
36,01700,127,25,1,8,1,2,997,370,20.0,1.0,40000.0
36,01700,81,3,2,8,1,1,370,999,1.0,,
36,01700,183,2,1,8,1,1,370,999,,,
36,04410,183,47,1,9,1,2,370,999,17.0,1.0,72000.0
36,04409,109,69,2,6,1,2,370,999,9.0,6.0,4200.0
36,04409,70,39,1,6,1,2,370,999,20.0,1.0,37000.0
36,04409,69,37,1,6,1,2,370,999,20.0,1.0,50000.0
36,03306,66,43,2,2,1,1,370,249,22.0,1.0,90000.0
36,03203,196,29,2,8,1,1,370,999,21.0,1.0,25000.0
36,03306,384,9,1,9,1,1,046,370,6.0,,
36,03306,351,5,2,9,1,1,046,370,1.0,,
36,03306,295,1,1,9,1,1,046,370,,,
36,03211,76,45,2,9,1,2,370,999,24.0,1.0,161000.0
36,03211,59,21,1,2,1,1,902,370,19.0,6.0,0.0
36,03211,70,10,1,8,5,1,370,275,2.0,,
36,01700,56,52,2,8,1,2,370,999,8.0,1.0,27000.0
36,01700,59,50,1,8,1,2,370,999,8.0,1.0,53000.0
36,01700,102,19,2,8,1,1,370,939,16.0,1.0,8000.0
36,01700,51,15,2,8,1,1,370,939,14.0,,0.0
36,01203,49,37,2,3,1,1,370,999,19.0,1.0,70000.0
36,01203,72,12,1,3,1,1,370,314,8.0,,
36,04413,112,77,1,9,1,2,370,620,1.0,6.0,41800.0
36,04412,35,64,1,6,1,2,370,999,21.0,1.0,20000.0
36,04412,36,60,2,6,1,2,370,999,21.0,1.0,15000.0
36,04412,26,34,1,6,1,2,370,999,21.0,1.0,30000.0
36,04410,76,43,1,6,1,2,370,999,21.0,1.0,147200.0
36,04317,39,63,2,2,1,2,599,370,17.0,1.0,36100.0
36,03206,224,49,2,9,1,2,370,999,18.0,3.0,0.0
36,04412,35,82,1,6,1,2,370,999,15.0,6.0,9000.0
36,04412,47,77,2,6,1,2,370,999,15.0,6.0,8400.0
36,03113,35,33,2,9,1,1,370,615,23.0,1.0,135000.0
36,04408,61,68,1,9,1,2,370,620,15.0,1.0,90000.0
36,04408,54,61,2,9,1,2,370,620,15.0,1.0,20000.0
36,04503,48,43,2,9,1,2,370,999,19.0,1.0,28000.0
36,04409,31,62,2,8,1,2,370,999,20.0,1.0,74000.0
36,04409,32,22,1,8,1,1,050,370,16.0,3.0,0.0
36,04318,77,62,2,9,1,2,370,999,21.0,1.0,86000.0
36,01700,188,58,1,9,1,2,370,999,14.0,3.0,38000.0
36,04410,28,68,2,8,1,2,730,370,18.0,1.0,49800.0
36,04411,80,72,2,9,1,1,370,301,22.0,6.0,80800.0
36,04411,93,50,1,9,1,1,370,301,21.0,1.0,121000.0
36,04412,40,38,2,6,1,1,370,999,21.0,6.0,6000.0
36,04412,47,41,1,8,3,1,370,261,16.0,1.0,62000.0
36,04412,25,75,1,6,1,2,370,999,1.0,6.0,9000.0
36,04412,26,66,2,6,1,2,370,999,16.0,6.0,8600.0
36,04317,155,35,1,9,1,1,370,999,19.0,1.0,65000.0
36,04317,88,66,2,9,1,2,370,999,21.0,1.0,78000.0
36,03102,80,39,1,8,1,2,370,999,16.0,1.0,40000.0
36,04409,215,28,2,9,1,2,370,999,18.0,6.0,3000.0
36,04409,120,59,2,9,1,2,370,999,16.0,6.0,0.0
36,04409,207,85,2,9,1,2,370,999,1.0,6.0,0.0
36,04410,160,90,2,6,1,2,370,999,1.0,6.0,7600.0
36,04410,83,63,1,6,1,2,370,999,1.0,6.0,0.0
36,04412,137,48,1,9,1,2,370,999,19.0,1.0,7100.0
36,04412,102,39,2,9,1,2,370,999,19.0,6.0,8600.0
36,04412,84,18,1,9,1,1,370,999,16.0,6.0,0.0
36,04412,147,3,2,9,1,1,370,999,1.0,,
36,04410,156,67,1,8,1,2,370,999,15.0,3.0,244400.0
36,04412,53,65,1,9,1,2,370,615,1.0,1.0,50000.0
36,04412,74,60,2,9,1,2,370,615,1.0,1.0,35000.0
36,04412,57,43,1,9,1,2,370,615,1.0,1.0,30000.0
36,04413,127,52,1,6,1,2,730,370,21.0,1.0,179000.0
36,04413,87,51,2,6,1,2,730,370,21.0,1.0,131000.0
36,04413,50,79,1,6,1,2,370,999,18.0,1.0,15000.0
36,04413,42,73,2,6,1,2,370,999,18.0,6.0,0.0
36,04413,27,45,1,6,1,2,370,999,18.0,1.0,55000.0
36,04413,60,7,1,6,1,1,370,999,5.0,,
36,04413,60,5,1,6,1,1,370,999,3.0,,
36,04413,39,3,1,6,1,1,370,999,2.0,,
36,04413,40,2,1,6,1,1,370,999,,,
36,04413,31,40,2,6,1,2,370,999,18.0,1.0,32000.0
36,04317,54,41,1,9,1,1,370,999,19.0,1.0,41000.0
36,04412,45,59,1,6,1,2,730,370,18.0,1.0,87000.0
36,04412,41,54,2,6,1,2,730,370,16.0,1.0,17300.0
36,04412,32,27,2,6,1,1,730,370,21.0,1.0,38000.0
36,04412,34,22,1,6,1,1,730,370,20.0,1.0,28000.0
36,04412,30,28,1,6,1,2,730,370,21.0,1.0,42500.0
36,03205,434,29,2,9,1,1,370,999,16.0,1.0,30600.0
36,03205,582,28,1,9,1,2,370,999,16.0,1.0,46000.0
36,03205,541,7,1,9,1,1,370,999,5.0,,
36,03205,357,52,2,9,1,2,370,999,15.0,6.0,0.0
36,04305,336,76,1,8,1,2,370,999,22.0,1.0,27600.0
36,04305,239,50,2,8,1,2,370,999,16.0,6.0,19100.0
36,03204,43,45,2,6,1,1,370,615,15.0,1.0,48000.0
36,04408,178,45,1,8,1,2,370,999,20.0,1.0,90000.0
36,04408,247,40,2,8,1,2,370,999,16.0,6.0,0.0
36,04408,327,18,1,8,1,1,370,999,14.0,6.0,1700.0
36,04408,219,13,1,8,1,1,370,999,10.0,,
36,04408,173,12,2,8,1,1,370,999,9.0,,
36,04408,134,39,1,8,1,1,370,999,19.0,1.0,30000.0
36,04412,28,74,2,9,1,2,370,999,17.0,6.0,34400.0
36,04412,28,73,1,9,1,2,370,999,16.0,6.0,12000.0
36,04401,64,38,1,9,1,2,730,370,21.0,1.0,130000.0
36,04401,67,36,2,9,1,1,730,370,22.0,1.0,130000.0
36,04317,128,67,2,9,1,2,370,903,20.0,1.0,107300.0
36,04409,164,62,1,6,1,2,370,999,22.0,1.0,100000.0
36,04409,155,57,2,6,1,2,370,999,21.0,1.0,16700.0
36,00701,22,64,2,9,1,2,370,999,20.0,1.0,27000.0
36,04409,126,56,1,8,1,2,370,999,17.0,1.0,50000.0
36,04412,134,63,2,6,1,2,370,999,16.0,1.0,20000.0
36,04412,141,68,1,8,1,2,370,999,15.0,1.0,38600.0
36,04412,103,63,2,8,1,2,370,999,17.0,2.0,12500.0
36,04412,72,29,2,8,1,1,370,999,20.0,1.0,50000.0
36,03304,46,42,2,8,1,2,370,999,21.0,1.0,100000.0
36,03304,45,41,2,8,1,2,370,999,21.0,1.0,80000.0
36,00100,100,23,2,9,1,2,370,999,16.0,1.0,16100.0
36,00100,99,1,1,9,1,1,370,999,,,
36,03313,94,34,1,9,1,1,370,999,19.0,1.0,85000.0
36,04413,202,35,2,8,1,2,370,999,21.0,1.0,66000.0
36,04413,149,37,2,8,1,2,370,999,21.0,1.0,35000.0
36,04413,177,55,2,8,1,2,370,999,17.0,1.0,15000.0
36,04413,159,78,2,8,1,2,370,999,17.0,6.0,17000.0
36,04317,232,66,2,8,1,2,370,999,16.0,6.0,14400.0
36,04318,62,71,2,2,1,2,370,999,22.0,6.0,76700.0
36,04318,60,72,1,2,1,2,370,999,1.0,6.0,35600.0
36,01900,163,35,2,9,1,2,370,999,18.0,1.0,20000.0
36,01900,133,40,1,9,1,2,370,999,16.0,1.0,55000.0
36,01900,214,13,1,9,3,1,370,999,11.0,,
36,01900,204,10,1,9,1,1,370,999,7.0,,
36,01900,203,6,2,9,1,1,370,999,3.0,,
36,01900,204,17,1,9,1,2,370,999,16.0,6.0,0.0
36,04412,38,35,1,8,1,2,370,999,21.0,1.0,151000.0
36,04317,62,58,1,9,1,2,370,999,19.0,1.0,40200.0
36,04317,56,68,1,9,1,2,370,999,1.0,1.0,30500.0
36,04414,140,32,2,9,1,2,370,999,22.0,1.0,75000.0
36,04414,134,1,2,9,1,1,370,330,,,
36,04414,133,0,2,9,1,1,370,330,,,
36,04414,80,59,2,9,1,2,370,999,22.0,1.0,120000.0
36,04414,56,87,2,9,1,2,370,999,15.0,6.0,2400.0
36,04414,80,57,2,9,1,2,370,999,16.0,3.0,2000.0
36,03313,47,46,1,2,1,1,370,360,19.0,1.0,110000.0
36,04313,152,41,1,9,1,2,370,999,16.0,1.0,13000.0
36,04313,207,39,2,9,1,2,370,999,16.0,1.0,35000.0
36,04313,314,12,1,9,1,2,370,999,8.0,,
36,04313,293,10,2,9,1,2,370,999,6.0,,
36,04317,227,69,2,9,1,2,370,999,20.0,6.0,20200.0
36,04317,183,66,2,9,1,2,370,999,1.0,6.0,8400.0
36,04305,651,33,1,8,1,1,370,999,16.0,1.0,45000.0
36,04305,507,31,2,8,1,2,370,999,18.0,1.0,51000.0
36,04305,646,0,1,8,1,1,370,999,,,
36,04412,48,53,1,2,1,2,370,999,24.0,1.0,102000.0
36,04412,43,56,2,2,1,2,370,999,17.0,1.0,48000.0
36,01205,48,56,1,8,1,2,370,999,9.0,6.0,0.0
36,01205,50,42,2,8,1,2,370,999,8.0,6.0,0.0
36,01205,40,18,2,8,1,1,370,999,16.0,6.0,0.0
36,01205,42,14,1,8,1,1,370,999,11.0,,
36,04316,122,54,2,9,1,2,370,999,16.0,1.0,29000.0
36,04316,172,26,1,9,1,2,370,999,21.0,1.0,30000.0
36,03210,418,38,1,9,1,2,370,999,20.0,1.0,95100.0
36,03210,411,4,2,9,1,1,370,308,1.0,,
36,04413,47,56,2,2,1,2,370,999,19.0,6.0,0.0
36,04412,130,61,2,9,1,2,370,999,22.0,1.0,110000.0
36,04412,108,37,1,2,1,1,370,999,16.0,1.0,35900.0
36,04412,83,85,2,9,1,2,370,999,18.0,6.0,39400.0
36,04410,153,47,2,8,1,2,370,999,20.0,1.0,40000.0
36,04410,170,46,1,8,1,2,370,999,15.0,1.0,56000.0
36,04412,120,41,1,8,1,2,370,999,19.0,1.0,24000.0
36,04412,100,37,2,8,1,2,370,999,17.0,1.0,15000.0
36,04412,91,14,1,8,1,1,370,999,11.0,,
36,04412,133,12,2,8,1,1,370,999,9.0,,
36,04410,147,64,1,6,1,2,370,999,16.0,6.0,8800.0
36,04410,107,51,2,6,1,2,370,999,16.0,1.0,30600.0
36,04410,122,21,1,6,1,2,370,999,11.0,6.0,0.0
36,04317,63,50,1,9,1,2,370,587,16.0,1.0,250000.0
36,04413,130,55,1,8,1,2,370,999,16.0,1.0,26000.0
36,04413,100,52,2,8,1,2,370,999,20.0,1.0,52010.0
36,04413,91,21,2,8,1,1,370,939,19.0,6.0,50.0
36,04409,70,58,1,9,1,2,370,615,20.0,1.0,75000.0
36,04410,146,25,1,6,1,1,370,999,16.0,6.0,0.0
36,04410,115,22,1,6,1,1,370,999,21.0,6.0,0.0
36,04317,173,56,2,9,1,2,370,999,17.0,6.0,620.0
36,04317,215,64,1,9,1,2,370,999,15.0,1.0,60000.0
36,04317,194,23,2,9,1,2,370,999,20.0,1.0,20000.0
36,04317,181,22,1,9,1,2,370,999,19.0,1.0,30000.0
36,04309,175,64,2,9,1,2,370,999,17.0,6.0,21600.0
36,04309,156,21,1,9,1,1,370,314,19.0,1.0,40000.0
36,04210,266,38,2,8,1,1,370,999,16.0,1.0,50000.0
36,04210,290,6,1,8,1,1,370,999,4.0,,
36,04210,348,2,1,8,1,1,370,999,,,
36,04410,78,63,2,9,1,2,730,370,18.0,1.0,177000.0
36,04410,52,25,2,9,1,1,730,370,21.0,1.0,58500.0
36,04410,64,58,1,6,1,2,730,370,20.0,1.0,120000.0
36,04413,75,34,2,6,1,2,370,999,5.0,1.0,50000.0
36,04413,74,5,2,6,1,1,370,999,2.0,,
36,04413,55,52,2,6,1,2,370,999,4.0,1.0,28000.0
36,04413,201,57,2,6,1,2,370,999,21.0,1.0,123000.0
36,04413,160,29,1,9,1,1,370,939,20.0,1.0,8800.0
36,04413,140,28,2,9,1,1,370,939,21.0,1.0,60000.0
36,04413,250,88,2,6,1,2,370,999,9.0,6.0,9600.0
36,04309,80,25,2,2,1,1,314,370,21.0,1.0,68000.0
36,04408,52,55,2,8,1,2,370,615,20.0,1.0,25000.0
36,04413,289,35,1,6,1,2,370,615,21.0,1.0,250000.0
36,04413,299,33,2,6,1,2,370,914,17.0,1.0,15000.0
36,03206,70,71,2,9,1,2,370,999,24.0,1.0,118000.0
36,04402,105,28,2,6,1,1,370,999,21.0,1.0,93000.0
36,04412,56,64,1,9,1,2,335,370,22.0,1.0,92000.0
36,04210,90,51,2,2,1,2,370,999,16.0,1.0,35000.0
36,03210,172,57,1,9,1,2,370,999,20.0,1.0,77000.0
36,04412,142,52,1,8,1,2,370,999,17.0,1.0,40900.0
36,04412,180,31,2,8,1,2,370,999,11.0,1.0,23900.0
36,04412,164,4,1,8,1,1,370,999,1.0,,
36,04209,320,28,1,9,1,1,370,314,18.0,1.0,75000.0
36,04209,207,46,1,9,1,2,370,999,14.0,1.0,40000.0
36,04209,212,47,2,9,1,2,370,999,14.0,1.0,30000.0
36,04209,219,19,2,9,1,2,370,999,16.0,6.0,0.0
36,04209,210,17,1,9,1,2,370,999,14.0,6.0,0.0
36,04412,99,43,2,8,1,2,370,999,19.0,1.0,31200.0
36,04412,120,44,1,8,1,2,370,999,17.0,1.0,75000.0
36,04412,108,21,2,8,1,1,370,999,19.0,1.0,6900.0
36,04412,89,10,1,8,1,1,370,999,7.0,,
36,04413,70,59,1,9,1,2,370,903,18.0,2.0,95200.0
36,04316,93,44,1,9,1,1,370,999,20.0,1.0,118000.0
36,04316,38,76,2,9,1,2,370,999,23.0,6.0,29000.0
36,04316,44,45,1,9,1,1,370,999,16.0,1.0,1000.0
36,03313,41,76,2,2,1,2,370,999,1.0,6.0,13000.0
36,04413,26,65,1,2,1,2,370,999,22.0,1.0,145000.0
36,04413,30,49,2,9,1,2,370,999,16.0,1.0,75000.0
36,04212,73,82,1,9,2,2,795,370,16.0,6.0,3250.0
36,04305,83,49,1,6,1,1,370,999,16.0,1.0,60000.0
36,04305,73,7,2,6,1,1,370,999,4.0,,
36,04305,99,73,2,6,1,2,370,999,16.0,6.0,12000.0
36,03001,387,39,2,9,1,1,370,999,21.0,1.0,92000.0
36,03001,510,1,1,9,1,1,308,370,,,
36,04410,108,50,1,8,1,2,370,999,12.0,2.0,14000.0
36,04410,98,45,2,8,1,2,370,999,14.0,1.0,51000.0
36,04410,96,26,1,8,1,2,370,999,14.0,1.0,28000.0
36,04410,101,24,2,8,1,2,370,999,12.0,1.0,58000.0
36,04317,617,36,2,8,1,2,370,999,16.0,1.0,50000.0
36,04317,560,14,2,8,1,2,370,999,12.0,,
36,03206,160,51,1,9,1,1,370,999,19.0,1.0,30000.0
36,04410,223,22,2,6,1,1,370,999,19.0,6.0,0.0
36,04410,157,16,2,6,1,1,370,999,12.0,6.0,0.0
36,04410,189,13,1,6,1,1,370,999,8.0,,
36,04410,153,58,1,6,1,2,370,999,9.0,1.0,83000.0
36,04410,107,53,2,6,1,2,370,999,16.0,6.0,0.0
36,04410,187,5,1,6,1,1,370,999,1.0,,
36,04412,149,53,2,8,1,2,370,999,4.0,1.0,21000.0
36,04412,172,61,1,8,1,2,370,999,7.0,1.0,58000.0
36,04412,121,32,1,8,1,2,370,999,15.0,1.0,28000.0
36,04412,172,15,2,8,1,1,370,999,12.0,,0.0
36,04412,180,2,1,8,1,1,370,999,,,
36,04412,171,74,1,8,1,2,370,999,16.0,6.0,24200.0
36,04410,39,67,2,8,1,2,370,999,1.0,6.0,0.0
36,04410,36,51,2,8,1,2,370,999,17.0,1.0,30000.0
36,04410,43,49,1,8,1,2,370,999,1.0,6.0,0.0
36,04410,46,28,1,8,1,2,370,999,16.0,1.0,50000.0
36,04410,208,63,1,6,1,2,370,999,8.0,6.0,0.0
36,04410,81,42,1,9,1,2,730,370,18.0,1.0,81200.0
36,04318,104,52,2,6,1,2,370,999,16.0,1.0,21000.0
36,04318,92,15,2,6,1,1,370,999,12.0,,0.0
36,04318,117,10,1,6,1,1,370,999,7.0,,
36,04317,147,61,2,9,1,2,370,999,21.0,6.0,0.0
36,04317,195,28,2,9,1,2,370,999,20.0,1.0,35000.0
36,04302,56,70,2,9,1,2,620,370,16.0,6.0,11900.0
36,04302,71,35,1,9,1,1,370,999,18.0,6.0,9000.0
36,03310,164,68,2,2,1,2,370,999,22.0,6.0,42200.0
36,03310,230,47,2,2,1,2,370,999,19.0,6.0,6300.0
36,03310,205,36,2,2,1,1,370,999,21.0,1.0,40000.0
36,04209,155,35,1,9,1,2,370,999,17.0,1.0,31200.0
36,04209,98,6,2,9,1,1,370,603,4.0,,
36,04209,220,4,2,9,1,1,370,603,2.0,,
36,04209,101,69,2,9,1,2,370,999,17.0,6.0,0.0
36,04209,111,68,1,9,1,2,370,999,17.0,6.0,51300.0
36,04413,83,66,2,9,1,2,370,249,1.0,6.0,61700.0
36,04413,54,45,1,8,1,2,370,249,16.0,1.0,782000.0
36,04304,232,70,2,8,1,2,370,999,21.0,6.0,85800.0
36,04110,55,33,1,8,1,1,370,999,21.0,1.0,80000.0
36,04414,358,61,1,2,1,2,370,999,20.0,1.0,61400.0
36,04414,324,54,2,2,1,2,370,999,22.0,6.0,0.0
36,04412,80,65,2,8,1,2,370,999,17.0,6.0,12000.0
36,04412,97,46,1,8,1,2,370,999,23.0,6.0,0.0
36,04412,70,35,2,8,1,2,370,999,21.0,1.0,97000.0
36,04412,86,35,1,8,1,2,370,999,21.0,6.0,0.0
36,04412,124,26,1,8,1,1,370,999,16.0,6.0,240.0
36,04316,55,74,1,9,1,2,370,999,15.0,6.0,12000.0
36,04308,223,67,2,9,1,2,370,999,20.0,6.0,10300.0
36,04212,202,56,1,2,1,2,370,999,20.0,1.0,120000.0
36,04212,123,54,2,2,1,2,370,999,21.0,3.0,0.0
36,04212,131,28,2,2,1,2,370,999,22.0,1.0,72000.0
36,04212,161,23,1,2,1,2,370,999,19.0,4.0,30000.0
36,04212,147,15,2,2,1,1,370,999,12.0,,0.0
36,04212,156,1,2,2,3,1,370,271,,,
36,04410,97,46,1,6,1,2,370,999,16.0,1.0,96000.0
36,04410,92,45,2,6,1,2,370,999,16.0,2.0,1200.0
36,04410,95,11,2,6,1,1,370,999,8.0,,
36,04410,96,10,2,6,1,1,370,999,7.0,,
36,04410,104,7,1,6,1,1,370,999,5.0,,
36,04410,104,5,1,6,1,1,370,999,3.0,,
36,04409,151,44,2,8,1,2,370,999,16.0,6.0,19100.0
36,04409,153,69,1,8,1,2,370,999,15.0,6.0,8400.0
36,04409,107,65,2,8,1,2,370,999,5.0,6.0,4200.0
36,03112,60,59,1,6,1,2,370,999,16.0,1.0,90000.0
36,03313,80,44,2,6,1,2,370,615,22.0,1.0,165000.0
36,04413,140,67,2,9,1,2,370,999,20.0,6.0,51800.0
36,04413,134,47,1,9,1,2,370,999,21.0,1.0,164500.0
36,03114,171,33,2,9,1,1,370,999,22.0,1.0,175000.0
36,03114,179,1,2,9,1,1,370,032,,,
36,04406,47,41,2,2,1,1,370,999,21.0,1.0,120000.0
36,04318,54,70,2,9,1,2,370,999,21.0,6.0,48000.0
36,04318,43,95,2,9,1,2,370,999,19.0,6.0,0.0
36,02903,38,35,2,8,1,1,370,999,22.0,1.0,1200.0
36,04411,61,49,2,2,1,2,370,999,19.0,1.0,35000.0
36,04410,88,29,1,8,1,2,370,999,19.0,1.0,38000.0
36,04410,103,25,2,8,1,2,370,999,13.0,6.0,0.0
36,04410,78,51,2,8,1,2,370,999,17.0,6.0,0.0
36,04207,340,61,1,9,1,2,370,999,1.0,6.0,0.0
36,04207,175,69,2,9,1,2,370,999,16.0,1.0,5600.0
36,02201,71,29,1,8,1,1,370,615,22.0,1.0,120000.0
36,02201,48,3,2,9,1,1,089,370,1.0,,
36,00401,165,44,1,6,1,2,370,999,16.0,1.0,40000.0
36,00401,168,39,2,6,1,2,370,999,17.0,1.0,35000.0
36,00401,36,11,1,6,1,1,370,999,8.0,,
36,00401,35,5,2,6,1,1,370,999,2.0,,
36,04412,66,59,2,2,1,1,370,999,18.0,1.0,400.0
36,04318,99,83,2,9,1,2,370,999,9.0,6.0,2400.0
36,04410,109,64,1,6,1,2,370,999,15.0,6.0,0.0
36,04304,108,72,2,9,1,2,599,370,1.0,6.0,53700.0
36,04409,133,51,1,9,1,2,370,999,1.0,1.0,50000.0
36,04318,337,32,2,9,1,2,370,999,19.0,2.0,13800.0
36,04318,362,5,1,9,1,1,370,587,2.0,,
36,04318,427,2,2,9,1,1,370,587,,,
36,04306,98,68,2,9,1,2,370,999,22.0,6.0,64000.0
36,04413,40,25,2,8,1,2,370,050,20.0,1.0,65000.0
36,04413,41,4,2,8,3,1,308,370,1.0,,
36,04413,41,2,2,8,3,1,308,370,,,
36,03206,106,67,1,9,1,2,370,999,16.0,1.0,70000.0
36,01700,117,28,2,9,1,2,370,999,21.0,1.0,22000.0
36,01700,101,33,1,9,1,1,370,999,18.0,1.0,35000.0
36,01700,68,5,2,9,1,1,370,999,2.0,,
36,01700,67,0,1,9,1,1,370,999,,,
36,04408,158,65,2,9,1,2,370,999,16.0,6.0,32000.0
36,03308,62,38,1,6,1,2,370,999,16.0,1.0,119800.0
36,03308,92,30,2,9,1,2,370,999,17.0,6.0,0.0
36,03308,59,40,2,6,1,2,370,999,16.0,1.0,14000.0
36,01600,20,89,1,2,1,2,370,999,16.0,6.0,13300.0
36,01600,12,63,2,2,1,2,370,999,16.0,2.0,55000.0
36,01700,86,46,2,6,1,2,370,999,19.0,1.0,165000.0
36,03206,91,73,2,9,1,2,370,999,21.0,6.0,72200.0
36,04309,125,59,2,9,1,2,370,999,16.0,1.0,11900.0
36,04318,79,75,1,9,1,2,370,999,19.0,6.0,89900.0
36,04165,256,30,1,9,1,2,370,999,18.0,6.0,2500.0
36,04103,404,65,1,2,1,2,370,999,16.0,6.0,26400.0
36,04305,107,58,1,2,1,2,370,999,21.0,1.0,85080.0
36,04305,75,52,2,9,1,2,370,999,20.0,1.0,26400.0
36,04305,96,20,1,2,1,2,011,370,19.0,6.0,0.0
36,04305,102,16,1,2,1,1,939,370,14.0,6.0,0.0
36,04305,117,14,2,2,1,1,939,370,11.0,,
36,04212,220,67,1,8,1,2,370,999,1.0,6.0,17400.0
36,04303,176,29,2,9,1,1,370,999,14.0,1.0,30000.0
36,03310,213,32,2,9,1,2,370,999,18.0,1.0,48000.0
36,03310,252,37,2,9,1,2,370,999,16.0,1.0,100.0
36,03310,324,25,2,9,1,2,370,999,23.0,6.0,0.0
36,03310,127,75,1,9,1,2,370,999,18.0,6.0,2600.0
36,03310,261,62,2,9,1,2,370,999,12.0,6.0,0.0
36,03310,188,28,1,8,1,2,370,999,16.0,1.0,23100.0
36,04412,41,50,1,8,1,2,370,999,17.0,1.0,3000.0
36,04409,131,53,1,8,1,1,370,999,19.0,1.0,120000.0
36,04409,134,50,2,8,1,1,370,999,21.0,1.0,143000.0
36,04409,77,33,1,8,1,1,370,999,16.0,1.0,50000.0
36,04413,72,80,1,2,1,2,370,999,22.0,6.0,-2200.0
36,04412,46,61,2,9,1,2,370,999,22.0,1.0,75000.0
36,04412,31,59,1,9,1,2,370,999,17.0,1.0,25000.0
36,04412,30,95,2,9,1,2,370,999,15.0,6.0,7000.0
36,04318,56,62,2,9,1,2,370,084,20.0,1.0,29200.0
36,04318,55,53,2,9,1,2,370,999,16.0,1.0,25000.0
36,04311,156,47,2,9,1,2,599,370,21.0,1.0,93000.0
36,03112,82,49,2,8,1,2,370,999,10.0,6.0,0.0
36,03205,100,38,1,8,1,1,370,918,21.0,1.0,72000.0
36,03205,105,38,2,8,1,2,370,615,22.0,1.0,83000.0
36,03205,84,5,2,8,1,1,370,615,1.0,,
36,03205,76,0,2,8,1,1,370,615,,,
36,04212,116,25,2,8,1,2,370,939,21.0,1.0,45000.0
36,04212,70,42,2,8,1,2,370,335,12.0,1.0,41000.0
36,04212,53,59,2,8,1,2,370,335,12.0,1.0,40000.0
36,04212,103,21,1,8,1,2,370,335,11.0,6.0,0.0
36,04212,70,18,1,8,1,2,370,335,19.0,6.0,0.0
36,04409,101,52,1,6,1,2,370,999,16.0,1.0,12000.0
36,04409,103,51,2,6,1,2,370,999,16.0,1.0,38000.0
36,04409,86,31,2,6,1,2,370,999,16.0,1.0,15000.0
36,04409,88,28,2,6,1,2,370,999,16.0,1.0,16400.0
36,04413,270,66,2,6,1,2,370,999,17.0,6.0,12500.0
36,04413,304,72,1,6,1,2,370,999,16.0,6.0,19500.0
36,04413,200,36,2,6,1,1,370,999,22.0,1.0,75150.0
36,04303,101,33,2,9,1,2,370,999,23.0,1.0,56000.0
36,04303,132,1,2,9,1,2,370,999,,,
36,04303,134,29,1,9,1,2,370,999,21.0,1.0,20000.0
36,04303,88,26,2,9,1,2,370,999,20.0,3.0,20000.0
36,03206,40,70,2,9,1,2,370,999,19.0,6.0,20700.0
36,03206,34,73,1,9,1,2,370,999,24.0,6.0,48000.0
36,04409,164,61,2,6,1,1,370,999,11.0,1.0,21000.0
36,04409,175,56,1,6,1,2,370,999,11.0,1.0,53000.0
36,04409,173,16,2,6,1,2,370,999,13.0,6.0,0.0
36,04409,146,86,1,6,1,2,370,999,1.0,6.0,11000.0
36,04414,621,53,2,9,1,2,370,999,18.0,1.0,16000.0
36,04414,715,32,2,9,1,1,370,999,20.0,1.0,30000.0
36,04414,652,12,1,9,1,1,370,999,7.0,,
36,04414,652,5,1,9,1,1,370,999,4.0,,
36,04412,39,63,1,8,1,2,370,999,9.0,6.0,6300.0
36,04412,44,57,2,8,1,2,370,999,9.0,1.0,20000.0
36,04412,18,19,2,8,1,1,370,999,19.0,6.0,0.0
36,04412,26,84,2,8,1,2,370,999,1.0,6.0,10800.0
36,04412,28,38,2,8,1,2,370,999,9.0,1.0,15000.0
36,04306,78,48,1,9,1,1,301,370,19.0,1.0,168000.0
36,04306,60,10,2,9,1,1,301,370,7.0,,
36,04410,299,53,2,6,1,2,370,999,16.0,1.0,20000.0
36,04410,261,25,2,6,1,1,370,999,22.0,1.0,90000.0
36,04413,38,48,1,8,1,2,370,999,18.0,1.0,75000.0
36,04413,35,24,1,8,1,1,370,999,18.0,1.0,65000.0
36,04413,36,22,2,8,1,1,370,999,21.0,1.0,13000.0
36,04304,185,35,2,9,3,1,370,261,18.0,1.0,31000.0
36,04304,301,6,2,9,3,1,261,370,3.0,,
36,03211,256,25,1,8,1,1,370,939,21.0,1.0,65000.0
36,04305,52,52,2,9,1,2,370,999,20.0,1.0,40000.0
36,04317,51,40,2,9,1,2,370,999,22.0,1.0,125000.0
36,04317,58,1,1,2,1,1,336,370,,,
36,04413,56,32,2,8,1,2,370,999,20.0,1.0,55000.0
36,04410,175,72,1,9,1,2,615,370,20.0,6.0,9000.0
36,04410,158,68,2,9,1,2,615,370,13.0,6.0,14400.0
36,04314,131,66,1,9,1,2,370,999,19.0,1.0,132000.0
36,04309,61,51,2,2,1,2,370,999,21.0,1.0,73000.0
36,04414,106,52,1,9,1,2,370,999,20.0,1.0,41500.0
36,04414,104,40,2,6,1,2,370,999,15.0,1.0,21900.0
36,04414,97,21,2,9,1,2,370,999,19.0,6.0,5900.0
36,04414,84,19,2,9,1,2,370,999,19.0,6.0,2300.0
36,04414,121,14,1,9,1,2,370,999,11.0,,
36,04411,63,33,1,8,1,1,370,999,19.0,1.0,60000.0
36,04412,80,45,1,6,1,2,370,999,17.0,1.0,80000.0
36,04412,102,44,2,6,1,2,370,999,22.0,1.0,56000.0
36,04412,78,10,2,6,1,1,370,999,6.0,,
36,04412,79,7,2,6,1,1,370,999,4.0,,
36,04410,391,77,1,9,1,2,370,999,17.0,6.0,20900.0
36,04410,258,45,1,9,1,2,370,795,20.0,1.0,50000.0
36,04410,264,42,1,9,1,2,370,795,21.0,1.0,11500.0
36,04317,513,34,1,9,1,2,370,999,21.0,1.0,100000.0
36,04317,491,33,2,9,1,2,370,999,19.0,6.0,0.0
36,04317,436,9,1,9,1,1,370,999,5.0,,
36,04317,434,6,1,9,1,1,370,999,3.0,,
36,04317,410,1,1,9,1,1,370,999,,,
36,04410,198,72,1,6,1,2,370,999,9.0,6.0,35000.0
36,04410,178,70,2,6,1,2,370,999,9.0,6.0,11000.0
36,04317,111,75,2,9,1,2,370,999,19.0,6.0,49800.0
36,04309,416,37,2,9,1,2,370,999,19.0,1.0,104200.0
36,04309,319,47,1,9,1,2,370,999,19.0,1.0,36000.0
36,04317,143,67,2,9,1,2,370,999,18.0,3.0,63000.0
36,04409,61,58,1,6,1,2,370,999,17.0,1.0,104000.0
36,04409,52,46,2,6,1,2,370,999,17.0,1.0,57000.0
36,04409,40,21,2,6,1,1,370,999,19.0,6.0,0.0
36,04409,67,10,1,6,1,1,370,999,7.0,,
36,04310,73,55,2,8,1,2,370,999,22.0,1.0,127000.0
36,04310,37,16,2,9,1,1,706,370,14.0,6.0,0.0
36,04317,123,38,1,9,1,2,370,999,16.0,1.0,24000.0
36,04317,141,9,1,9,1,2,370,999,5.0,,
36,04317,71,57,2,9,1,2,370,999,16.0,1.0,70000.0
36,03206,77,52,2,2,1,2,370,999,24.0,1.0,90000.0
36,04221,209,25,2,2,23,1,370,325,20.0,1.0,25000.0
36,04317,157,42,1,9,1,1,370,999,21.0,1.0,60000.0
36,04410,36,50,2,8,1,1,370,999,22.0,6.0,0.0
36,04410,53,56,1,8,1,2,370,999,16.0,1.0,120000.0
36,04410,37,19,2,8,1,1,370,999,19.0,6.0,0.0
36,04317,115,73,1,9,1,2,370,999,15.0,6.0,0.0
36,04317,113,62,2,9,1,2,370,999,15.0,1.0,14400.0
36,04406,32,53,2,9,1,2,370,999,22.0,6.0,0.0
36,04412,104,35,2,8,1,1,370,999,22.0,1.0,105000.0
36,04412,177,69,2,6,1,2,370,999,21.0,6.0,19000.0
36,04318,113,38,1,2,1,2,314,370,21.0,1.0,69000.0
36,04318,176,56,2,9,1,2,370,999,21.0,1.0,115000.0
36,04318,187,58,1,9,1,2,370,999,19.0,6.0,0.0
36,04318,233,26,1,9,1,1,370,999,21.0,3.0,56000.0
36,04318,188,21,2,9,1,1,370,999,19.0,1.0,10500.0
36,04408,155,33,1,6,1,2,370,999,21.0,1.0,120000.0
36,04408,248,1,2,9,3,1,370,261,,,
36,04413,113,16,2,2,1,1,370,999,14.0,6.0,0.0
36,04413,95,9,1,2,1,1,336,370,7.0,,
36,04413,95,6,1,2,1,1,336,370,3.0,,
36,04413,149,3,2,2,1,1,336,370,2.0,,
36,04315,164,62,1,8,1,2,370,999,22.0,1.0,75000.0
36,04315,149,60,2,8,1,2,370,999,18.0,1.0,75000.0
36,04413,59,19,1,2,1,1,308,370,16.0,3.0,2000.0
36,04409,55,59,1,9,1,2,620,370,15.0,1.0,58000.0
36,04409,31,74,2,9,1,2,370,999,8.0,6.0,1100.0
36,04317,94,59,2,2,1,1,370,999,22.0,1.0,90300.0
36,04412,67,61,1,6,1,2,370,615,16.0,1.0,41000.0
36,04412,70,59,2,6,1,2,370,615,16.0,6.0,0.0
36,04412,63,8,2,6,1,1,370,999,4.0,,
36,04407,80,12,1,9,1,1,720,370,9.0,,
36,04407,81,10,1,9,1,1,720,370,7.0,,
36,03206,340,42,2,9,1,2,370,999,19.0,1.0,65000.0
36,03206,327,19,2,9,1,2,370,999,19.0,6.0,0.0
36,03206,207,73,1,9,1,2,370,999,22.0,6.0,0.0
36,03206,208,63,2,9,1,2,370,999,21.0,6.0,0.0
36,04317,243,51,1,9,1,2,370,999,16.0,1.0,50000.0
36,04409,58,43,2,2,1,2,370,999,16.0,6.0,0.0
36,03205,50,79,1,2,1,2,370,999,19.0,6.0,70850.0
36,03205,44,79,2,2,1,2,370,999,18.0,6.0,61700.0
36,03114,314,43,1,9,1,2,370,999,24.0,1.0,142000.0
36,03114,211,43,2,9,1,2,370,999,24.0,1.0,136000.0
36,03114,235,13,1,9,1,1,370,939,10.0,,
36,03114,218,11,2,9,1,1,370,939,8.0,,
36,04410,48,56,1,3,23,2,370,999,7.0,6.0,8500.0
36,04410,63,51,2,3,23,2,370,999,7.0,6.0,0.0
36,04410,64,17,1,3,23,2,370,999,13.0,6.0,0.0
36,04204,69,55,2,8,1,2,370,999,17.0,1.0,33000.0
36,04204,57,27,2,8,24,1,370,291,21.0,1.0,50000.0
36,04204,56,25,2,8,24,1,370,291,21.0,1.0,40000.0
36,04204,97,12,1,8,24,1,370,291,10.0,,
36,04314,150,54,1,9,1,2,370,999,21.0,1.0,54000.0
36,04314,146,11,2,9,1,1,370,999,7.0,,
36,04314,192,8,1,9,1,1,370,999,6.0,,
36,04211,64,36,1,6,1,2,370,999,22.0,3.0,72000.0
36,04211,66,3,1,6,1,2,370,999,1.0,,
36,04309,197,37,1,9,1,2,370,999,21.0,1.0,60000.0
36,01700,79,64,1,8,1,2,370,999,17.0,1.0,70000.0
36,04212,308,47,1,5,1,2,370,999,14.0,6.0,30000.0
36,04212,207,37,2,5,1,2,370,999,14.0,1.0,60000.0
36,04212,174,18,1,5,1,2,370,999,16.0,6.0,0.0
36,04212,203,12,1,5,1,2,370,999,8.0,,
36,04212,210,11,2,5,1,2,370,999,7.0,,
36,04209,151,65,2,9,1,2,370,999,16.0,6.0,22300.0
36,03308,210,53,2,8,1,2,370,999,16.0,1.0,175000.0
36,03313,81,30,1,2,1,1,370,999,21.0,1.0,48000.0
36,04410,109,49,1,6,1,2,370,999,16.0,6.0,0.0
36,04303,107,76,2,2,1,2,370,999,1.0,6.0,9400.0
36,04303,107,37,1,2,1,2,370,999,21.0,1.0,7000.0
36,04303,223,34,1,2,1,2,370,999,21.0,1.0,43800.0
36,04303,94,73,1,2,1,2,370,999,1.0,6.0,0.0
36,04410,122,66,2,6,1,2,370,999,22.0,1.0,60000.0
36,04410,93,72,2,6,1,2,370,999,19.0,6.0,3600.0
36,04410,100,38,1,6,1,1,370,999,17.0,1.0,33800.0
36,04410,106,35,2,6,1,1,370,999,21.0,1.0,54000.0
36,03313,49,30,1,8,1,1,370,999,18.0,1.0,52000.0
36,03313,37,10,2,8,1,1,370,999,8.0,,
36,03313,59,7,1,8,1,1,370,999,3.0,,
36,03211,112,28,2,2,1,1,370,999,22.0,1.0,70000.0
36,03211,113,26,2,2,1,1,370,999,22.0,1.0,62000.0
36,04407,58,16,1,8,3,1,370,999,14.0,6.0,0.0
36,04407,73,12,2,8,3,1,370,999,9.0,,
36,04207,144,71,1,8,1,2,370,999,16.0,1.0,19600.0
36,04207,155,55,2,8,1,2,370,999,16.0,1.0,35600.0
36,04401,165,32,2,9,1,1,050,370,22.0,1.0,80000.0
36,04409,69,90,2,6,1,2,370,999,16.0,6.0,22800.0
36,04210,86,80,2,9,1,2,370,999,17.0,6.0,23500.0
36,04210,105,49,2,9,1,1,370,939,21.0,1.0,12500.0
36,04410,115,50,1,6,1,2,370,999,16.0,1.0,30000.0
36,04410,104,47,2,6,1,2,370,999,11.0,1.0,11600.0
36,04410,118,12,1,6,1,1,370,999,8.0,,
36,04410,107,10,2,6,1,1,370,999,7.0,,
36,04317,101,52,1,9,1,1,370,902,16.0,6.0,0.0
36,04317,89,23,1,9,1,1,330,370,21.0,1.0,17300.0
36,04317,89,19,1,9,1,1,330,370,19.0,6.0,0.0
36,04317,93,17,2,9,1,1,330,370,14.0,6.0,0.0
36,04410,69,76,1,9,1,2,370,999,22.0,6.0,100200.0
36,04410,62,67,2,6,1,2,370,999,16.0,6.0,47100.0
36,04212,79,55,2,6,1,2,370,999,16.0,1.0,150000.0
36,04413,123,51,2,8,1,2,370,999,16.0,1.0,27500.0
36,04318,53,70,1,9,1,2,370,999,22.0,6.0,4500.0
36,02201,273,37,1,8,1,2,370,999,15.0,1.0,25000.0
36,04318,48,34,1,8,1,1,370,999,21.0,1.0,55000.0
36,01700,310,48,1,9,1,2,370,999,7.0,6.0,8500.0
36,01700,260,36,2,9,1,2,370,999,7.0,1.0,25000.0
36,01700,236,19,2,9,1,2,370,999,18.0,6.0,0.0
36,01700,237,18,2,9,1,2,370,999,14.0,6.0,0.0
36,01700,446,15,2,9,1,2,370,999,13.0,,0.0
36,01700,447,12,2,9,1,2,370,999,9.0,,
36,01700,446,11,2,9,1,1,370,999,7.0,,
36,04410,136,52,1,6,1,2,370,999,16.0,1.0,50000.0
36,04410,145,44,2,6,1,2,370,999,16.0,1.0,200000.0
36,04410,125,21,1,6,1,1,370,999,20.0,1.0,60000.0
36,04410,185,18,1,6,1,1,370,999,15.0,6.0,0.0
36,04410,116,17,2,6,1,1,370,999,14.0,6.0,0.0
36,01201,155,28,1,9,1,1,370,999,21.0,6.0,42000.0
36,04403,111,63,2,9,1,2,370,999,21.0,6.0,74200.0
36,04207,133,71,2,2,1,2,370,999,20.0,1.0,108600.0
36,04207,139,28,2,2,1,2,370,999,19.0,1.0,2400.0
36,04412,72,69,1,8,1,2,370,999,17.0,6.0,82400.0
36,04412,102,58,2,8,1,2,370,999,17.0,6.0,17400.0
36,04412,71,63,2,8,1,2,370,999,8.0,1.0,30000.0
36,04412,67,59,1,8,1,2,370,999,19.0,1.0,194000.0
36,04412,78,37,1,8,1,2,370,999,19.0,3.0,0.0
36,04412,76,19,1,8,1,2,370,999,18.0,3.0,0.0
36,04412,82,10,1,8,1,2,370,999,5.0,,
36,04412,55,70,2,8,1,2,370,999,19.0,6.0,0.0
36,04409,48,52,2,8,1,2,615,370,17.0,1.0,33100.0
36,04409,46,32,1,8,1,2,370,999,17.0,1.0,53000.0
36,04409,48,28,2,8,1,2,370,999,17.0,1.0,50000.0
36,04302,113,80,2,9,1,2,370,999,1.0,6.0,20200.0
36,03102,50,56,2,9,1,2,370,999,22.0,6.0,3800.0
36,04318,41,56,2,9,1,2,370,308,22.0,1.0,114000.0
36,04318,39,52,2,9,1,2,370,308,21.0,1.0,50000.0
36,04412,37,59,1,9,1,2,370,999,17.0,1.0,50000.0
36,04412,40,62,2,9,1,2,370,999,17.0,1.0,40000.0
36,04317,375,45,1,9,1,2,370,999,16.0,1.0,70000.0
36,04303,89,48,2,9,1,2,370,999,19.0,1.0,80000.0
36,04412,168,56,2,6,1,2,370,999,17.0,1.0,40000.0
36,04412,168,18,1,6,1,1,314,370,18.0,3.0,0.0
36,04305,83,55,2,9,1,2,370,999,20.0,1.0,5800.0
36,04305,71,85,2,9,1,2,370,999,13.0,6.0,10400.0
36,04410,47,62,2,6,1,2,370,999,21.0,1.0,49200.0
36,04413,33,66,1,9,1,2,370,999,19.0,1.0,110000.0
36,04413,47,63,2,9,1,2,370,999,18.0,1.0,57100.0
36,04305,127,52,2,9,1,2,370,999,20.0,1.0,75000.0
36,04412,44,28,2,8,1,1,370,999,22.0,1.0,60000.0
36,04412,24,60,1,8,1,2,370,999,18.0,1.0,65000.0
36,04412,24,49,2,8,1,2,370,999,17.0,1.0,29000.0
36,02804,81,49,2,2,1,2,370,999,22.0,1.0,80000.0
36,04410,49,73,2,6,1,2,370,999,13.0,6.0,15000.0
36,04410,62,81,1,6,1,2,370,999,14.0,6.0,12600.0
36,03211,129,44,1,8,1,2,370,999,20.0,1.0,50000.0
36,03211,93,12,1,8,1,1,370,999,10.0,,
36,03205,457,56,2,8,1,2,370,999,16.0,1.0,42900.0
36,04412,134,30,1,9,1,2,370,999,19.0,1.0,66000.0
36,04412,106,31,2,9,1,2,370,999,16.0,3.0,11300.0
36,04412,96,4,1,2,1,1,370,999,2.0,,
36,04410,75,60,2,2,1,2,370,999,21.0,1.0,97000.0
36,04410,77,45,1,6,1,2,370,999,20.0,1.0,38000.0
36,04410,64,71,1,6,1,2,370,999,15.0,6.0,25200.0
36,04410,61,61,2,6,1,2,370,999,15.0,6.0,2800.0
36,03203,80,36,1,9,1,1,370,999,21.0,1.0,240000.0
36,03203,101,33,2,9,1,1,370,999,23.0,6.0,0.0
36,03203,66,3,1,9,1,1,370,999,2.0,,
36,03203,69,1,2,9,1,1,370,999,,,
36,04413,127,57,1,9,1,2,370,999,17.0,1.0,5000.0
36,04413,98,54,2,9,1,2,370,999,17.0,1.0,7700.0
36,04413,85,27,1,9,1,1,370,999,21.0,1.0,40000.0
36,04413,76,25,2,9,1,1,370,999,21.0,1.0,30000.0
36,04410,38,63,1,6,1,2,370,999,16.0,6.0,2200.0
36,04410,36,57,2,6,1,2,370,999,15.0,1.0,770000.0
36,00403,39,26,1,3,1,2,370,999,16.0,1.0,40000.0
36,00403,21,26,2,3,1,2,370,999,21.0,1.0,35000.0
36,04318,36,58,2,2,1,2,370,999,19.0,1.0,50000.0
36,04318,42,29,2,2,1,2,370,999,22.0,1.0,73000.0
36,04410,43,48,2,9,1,2,370,999,17.0,1.0,20000.0
36,04410,51,52,1,9,1,2,370,999,1.0,1.0,8000.0
36,04410,45,27,1,9,1,2,370,999,21.0,1.0,50000.0
36,04410,46,24,2,9,1,2,370,335,21.0,6.0,5000.0
36,04410,46,21,1,9,1,2,370,999,19.0,6.0,0.0
36,04401,131,36,2,9,1,1,370,999,23.0,1.0,206020.0
36,04318,79,17,1,2,1,1,314,370,14.0,6.0,9600.0
36,04211,80,63,1,6,1,2,370,999,15.0,6.0,23200.0
36,04410,39,85,1,2,1,2,901,370,21.0,6.0,76330.0
36,04410,43,82,2,2,1,2,901,370,17.0,6.0,67000.0
36,04409,152,50,1,9,1,2,370,999,21.0,1.0,70000.0
36,04409,145,11,1,9,1,1,148,370,9.0,,
36,04409,144,9,1,9,1,1,148,370,7.0,,
36,04310,72,59,1,8,1,2,370,999,20.0,1.0,122000.0
36,04310,80,49,2,8,1,2,370,999,16.0,6.0,0.0
36,04310,47,28,1,8,1,1,370,999,19.0,6.0,0.0
36,04310,46,27,1,8,1,1,370,999,21.0,1.0,1500.0
36,04310,73,23,1,8,1,1,370,999,19.0,6.0,0.0
36,00703,108,72,1,2,1,2,370,999,16.0,6.0,19400.0
36,04212,87,67,2,6,1,2,370,615,8.0,1.0,55500.0
36,04412,315,39,2,8,1,1,370,999,21.0,1.0,95000.0
36,04412,383,41,1,8,1,1,370,999,19.0,1.0,60000.0
36,04412,283,5,1,8,1,1,370,999,2.0,,
36,03206,56,52,1,6,1,1,370,999,18.0,1.0,130000.0
36,04318,57,63,2,2,1,2,370,999,21.0,6.0,64700.0
36,04318,62,64,1,2,1,2,370,999,19.0,6.0,94400.0
36,04309,194,68,2,2,1,2,370,999,11.0,6.0,16000.0
36,04309,179,40,2,2,1,1,370,999,16.0,6.0,7800.0
36,03202,55,45,2,6,1,2,370,999,16.0,1.0,7000.0
36,04316,53,62,1,9,1,2,370,999,21.0,6.0,67900.0
36,04412,100,45,2,8,1,2,370,999,12.0,1.0,73000.0
36,04412,120,12,2,8,1,1,370,999,9.0,,
36,04412,98,78,1,8,1,2,370,999,8.0,6.0,12000.0
36,04412,133,77,2,8,1,2,370,999,7.0,6.0,1800.0
36,04412,66,66,2,8,1,2,370,999,1.0,1.0,23900.0
36,04412,40,26,1,8,1,1,370,999,17.0,6.0,0.0
36,04410,81,59,2,6,1,2,370,999,16.0,1.0,35400.0
36,04410,90,58,1,6,1,2,370,999,16.0,1.0,25000.0
36,04410,58,38,1,6,1,2,370,999,16.0,1.0,15000.0
36,04410,81,9,1,6,1,2,370,999,6.0,,
36,04410,82,6,1,6,1,2,370,999,6.0,,
36,04410,55,34,2,6,1,2,370,999,16.0,1.0,13300.0
36,04413,85,83,1,9,1,2,370,999,19.0,6.0,80800.0
36,04413,73,74,2,9,1,2,370,999,18.0,6.0,26800.0
36,04404,248,41,1,8,1,2,370,999,20.0,1.0,25000.0
36,04318,73,55,1,9,1,2,370,999,21.0,1.0,91000.0
36,04318,72,21,2,9,1,1,931,370,19.0,6.0,0.0
36,04318,66,19,1,9,1,1,931,370,19.0,6.0,1000.0
36,04413,71,54,1,9,1,2,370,999,22.0,1.0,60000.0
36,04413,52,55,2,9,1,2,370,999,16.0,1.0,36400.0
36,04413,69,17,2,9,1,1,370,939,16.0,6.0,0.0
36,04413,69,15,2,9,1,1,370,939,14.0,,0.0
36,04501,111,37,2,6,1,1,370,999,23.0,1.0,111000.0
36,04412,102,49,1,8,1,2,370,999,7.0,1.0,80000.0
36,04412,74,48,2,8,1,2,370,999,8.0,1.0,12200.0
36,04212,316,45,2,8,1,2,370,999,1.0,6.0,0.0
36,04212,201,25,1,8,1,1,370,999,16.0,1.0,30000.0
36,04212,159,24,1,8,1,1,370,999,10.0,1.0,10000.0
36,04309,359,28,2,9,1,2,370,999,21.0,2.0,150100.0
36,04318,167,57,2,9,1,2,370,999,21.0,1.0,50000.0
36,04318,252,42,1,9,1,2,370,999,22.0,1.0,5000.0
36,04305,184,52,1,8,22,2,730,370,17.0,1.0,60000.0
36,04305,135,48,2,9,22,2,730,370,17.0,1.0,40000.0
36,04305,96,18,2,8,22,2,730,370,19.0,6.0,0.0
36,04402,217,56,1,9,1,2,370,999,22.0,1.0,100000.0
36,04408,143,59,1,9,1,2,370,999,20.0,1.0,100000.0
36,04408,147,66,2,8,1,2,370,999,20.0,1.0,70000.0
36,04408,88,82,2,8,1,2,370,999,1.0,6.0,10800.0
36,04410,83,64,1,6,1,2,370,999,17.0,1.0,43300.0
36,02902,252,25,2,9,1,1,370,999,21.0,1.0,6000.0
36,04410,32,58,1,8,1,2,370,999,1.0,1.0,30000.0
36,04410,30,55,2,8,1,2,370,999,1.0,1.0,20000.0
36,04410,27,25,1,8,1,2,370,999,1.0,1.0,28000.0
36,04410,17,51,2,8,1,2,370,999,1.0,1.0,29000.0
36,04108,53,27,2,8,1,1,370,999,22.0,1.0,100000.0
36,04212,247,46,2,9,1,2,370,999,21.0,3.0,58500.0
36,04212,254,11,1,9,1,1,370,999,9.0,,
36,04309,66,63,2,9,1,2,370,999,21.0,2.0,53000.0
36,04410,48,65,1,8,1,2,370,999,20.0,1.0,109000.0
36,04410,35,42,2,8,1,2,370,999,21.0,1.0,81000.0
36,04410,63,2,2,8,1,1,370,999,,,
36,00903,53,49,2,9,1,2,370,999,1.0,1.0,18000.0
36,00903,48,21,2,9,1,2,370,999,20.0,1.0,19300.0
36,00903,43,19,2,9,1,2,370,999,16.0,3.0,540.0
36,04318,53,45,2,2,1,1,370,999,22.0,1.0,128000.0
36,04410,38,19,2,9,1,2,370,999,16.0,1.0,3900.0
36,04412,81,42,1,8,1,2,370,999,23.0,1.0,120000.0
36,04412,45,83,2,8,1,2,370,999,17.0,6.0,9900.0
36,04318,78,73,1,9,1,2,370,999,20.0,1.0,97000.0
36,04318,78,72,2,9,1,2,370,999,16.0,1.0,48000.0
36,04318,67,51,1,9,1,2,370,999,17.0,1.0,60000.0
36,04305,106,68,2,1,1,1,370,999,1.0,6.0,11400.0
36,04413,59,68,1,6,1,2,370,999,16.0,6.0,11400.0
36,04413,54,68,2,6,1,2,370,999,1.0,6.0,6800.0
36,04210,75,69,1,8,1,2,370,999,16.0,6.0,28000.0
36,03204,75,31,2,9,1,2,370,999,21.0,1.0,100000.0
36,03204,62,29,2,9,1,2,370,999,21.0,1.0,95000.0
36,04412,28,31,1,9,1,1,370,999,16.0,1.0,20000.0
36,04412,20,23,1,9,1,1,370,999,15.0,6.0,0.0
36,04412,20,61,1,9,1,2,370,999,16.0,6.0,14000.0
36,04412,18,50,2,9,1,2,370,999,15.0,1.0,20000.0
36,03307,38,68,1,8,1,2,370,999,12.0,1.0,82000.0
36,03307,72,30,1,8,1,1,370,999,16.0,1.0,2500.0
36,04317,150,71,2,9,1,1,370,999,16.0,1.0,29000.0
36,04305,133,35,2,9,1,2,370,999,20.0,1.0,46400.0
36,04305,123,12,2,2,1,1,370,902,9.0,,
36,04412,66,18,2,8,3,1,370,261,19.0,1.0,5000.0
36,04412,124,60,2,9,1,2,370,999,17.0,1.0,40000.0
36,04412,116,57,1,9,1,2,370,999,16.0,3.0,0.0
36,04317,114,62,1,9,1,2,370,999,19.0,6.0,96000.0
36,04317,84,52,2,9,1,2,370,999,16.0,1.0,29000.0
36,04317,106,15,2,9,1,1,370,999,12.0,,0.0
36,04317,155,12,1,9,1,1,370,999,9.0,,
36,04317,123,19,2,9,1,1,370,999,16.0,6.0,0.0
36,04318,191,85,2,9,1,2,370,999,19.0,6.0,22000.0
36,04317,233,76,1,9,1,2,370,999,16.0,6.0,17000.0
36,04317,200,78,2,9,1,2,370,999,16.0,6.0,16000.0
36,04204,105,76,1,2,1,2,370,999,21.0,1.0,112400.0
36,04204,187,9,1,2,24,1,223,370,6.0,,
36,04204,255,4,1,2,24,1,223,370,2.0,,
36,03205,51,67,1,8,1,2,370,615,20.0,6.0,218300.0
36,03205,52,65,2,8,1,2,370,615,17.0,6.0,0.0
36,04410,43,67,2,9,1,2,370,999,7.0,6.0,0.0
36,03303,69,47,2,6,1,2,370,999,19.0,6.0,0.0
36,03303,79,46,1,6,1,2,370,999,18.0,1.0,118000.0
36,03303,89,17,1,6,1,1,370,999,14.0,6.0,0.0
36,03303,146,13,2,6,1,1,370,999,10.0,,
36,03303,131,11,1,6,1,1,370,999,9.0,,
36,04409,29,48,1,6,1,2,615,370,17.0,1.0,129800.0
36,04409,29,45,2,9,1,2,599,370,16.0,3.0,0.0
36,04409,17,19,2,2,1,1,370,999,16.0,6.0,0.0
36,04409,26,15,1,2,1,1,370,999,12.0,,0.0
36,03204,58,73,2,9,1,2,370,999,24.0,6.0,7800.0
36,03204,57,74,1,9,1,1,370,999,23.0,6.0,15000.0
36,04401,134,24,2,9,1,1,370,275,18.0,1.0,85000.0
36,04412,151,68,1,9,1,2,370,999,19.0,6.0,9400.0
36,04412,225,20,2,9,1,1,370,999,19.0,1.0,13500.0
36,04408,54,62,1,2,1,2,370,999,21.0,1.0,90000.0
36,04408,46,61,2,2,1,2,370,999,21.0,1.0,85000.0
36,04412,70,87,2,2,1,2,370,999,17.0,6.0,52600.0
36,04410,154,61,1,8,1,2,370,999,17.0,1.0,32000.0
36,04410,148,58,2,8,1,2,370,999,17.0,1.0,32000.0
36,04410,127,28,1,8,1,2,370,999,16.0,6.0,0.0
36,04413,37,49,2,9,1,2,370,999,24.0,1.0,145800.0
36,04413,51,53,1,9,1,2,370,999,22.0,1.0,70500.0
36,04413,32,15,1,2,1,1,370,999,13.0,,0.0
36,04413,55,12,2,2,1,1,370,999,10.0,,
36,03211,317,45,2,6,1,2,615,370,16.0,1.0,48000.0
36,03211,310,52,1,6,1,2,615,370,22.0,1.0,130000.0
36,03211,365,8,2,6,1,1,615,370,6.0,,
36,04404,217,53,1,8,1,2,370,999,7.0,1.0,37500.0
36,04404,245,49,2,8,1,2,370,999,17.0,1.0,38000.0
36,04404,140,21,1,8,1,2,370,999,19.0,1.0,720.0
36,04410,88,57,1,6,1,2,370,999,21.0,1.0,89000.0
36,04305,304,48,2,9,1,2,370,999,15.0,1.0,36000.0
36,04305,350,14,1,9,1,2,370,999,12.0,,
36,04305,350,14,1,9,1,2,370,999,12.0,,
36,04318,37,43,1,9,22,2,370,999,18.0,1.0,20000.0
36,04318,35,37,2,9,22,2,370,999,18.0,6.0,0.0
36,04410,205,46,2,8,1,2,370,999,16.0,1.0,54000.0
36,04410,172,35,1,8,1,2,370,999,16.0,1.0,22300.0
36,04410,182,69,1,8,1,2,370,999,21.0,6.0,2400.0
36,04410,159,66,2,8,1,2,370,999,21.0,6.0,11400.0
36,04410,161,30,2,8,1,2,370,999,19.0,1.0,54000.0
36,04410,223,2,1,8,1,1,370,999,,,
36,04410,223,1,1,8,1,1,370,999,,,
36,01700,57,33,1,9,1,1,370,999,1.0,1.0,157000.0
36,04414,52,45,2,6,1,1,370,999,23.0,1.0,200000.0
36,04412,29,66,1,9,1,2,370,999,16.0,6.0,63600.0
36,04412,100,60,1,8,1,2,370,999,16.0,1.0,105000.0
36,04412,105,58,2,8,1,2,370,999,17.0,6.0,0.0
36,04412,76,35,1,8,1,1,370,999,19.0,1.0,9000.0
36,04412,76,32,2,8,1,1,370,999,19.0,1.0,20600.0
36,04412,65,28,1,8,1,1,370,999,16.0,1.0,30000.0
36,04412,88,23,2,8,1,1,370,999,20.0,1.0,17000.0
36,03204,205,31,2,6,1,1,370,939,22.0,1.0,72000.0
36,03204,197,30,1,6,1,2,370,999,19.0,1.0,27000.0
36,04412,80,56,2,8,1,2,370,999,17.0,1.0,17900.0
36,04412,82,80,2,8,1,2,370,999,6.0,6.0,0.0
36,04408,127,55,2,9,1,2,370,999,23.0,1.0,95000.0
36,04305,54,60,2,9,1,2,370,999,22.0,1.0,120000.0
36,04410,28,46,1,6,1,2,370,615,21.0,1.0,85000.0
36,04410,20,45,2,6,1,2,370,615,17.0,6.0,0.0
36,04410,20,74,2,6,1,2,370,615,18.0,6.0,5600.0
36,04410,23,69,1,6,1,2,370,615,18.0,6.0,57200.0
36,04410,20,46,1,6,1,2,370,615,17.0,1.0,50000.0
36,04414,465,62,2,9,1,2,903,370,20.0,1.0,90000.0
36,04414,584,31,1,2,1,1,022,370,19.0,1.0,14000.0
36,04318,50,61,2,9,1,1,370,999,17.0,1.0,34000.0
36,04318,53,24,2,9,1,1,370,999,18.0,1.0,34000.0
36,04318,75,22,1,9,1,1,308,370,18.0,3.0,3400.0
36,04318,47,70,2,9,1,2,370,598,22.0,6.0,20000.0
36,04412,113,31,2,9,1,2,370,999,16.0,1.0,85000.0
36,04410,152,61,1,6,1,2,620,370,23.0,1.0,68000.0
36,04410,143,59,2,6,1,2,620,370,23.0,1.0,68000.0
36,04410,124,26,1,6,1,1,620,370,22.0,1.0,35000.0
36,04410,129,23,2,6,1,1,620,370,22.0,6.0,0.0
36,04501,200,61,2,9,1,2,370,999,17.0,1.0,35000.0
36,04303,101,40,1,2,1,1,370,301,21.0,1.0,71030.0
36,04409,150,56,2,8,1,2,370,999,21.0,1.0,110000.0
36,04409,108,25,1,9,1,1,706,370,21.0,6.0,0.0
36,04409,115,54,1,6,1,2,370,999,20.0,1.0,80000.0
36,04409,117,37,2,6,1,2,370,999,15.0,6.0,0.0
36,04308,114,49,2,9,1,2,370,999,16.0,1.0,71000.0
36,04412,94,58,1,8,1,2,370,999,7.0,1.0,13800.0
36,04412,102,60,2,8,1,2,370,999,8.0,1.0,24700.0
36,04412,101,32,2,8,1,2,370,999,13.0,1.0,77000.0
36,04412,82,10,1,9,1,1,370,314,6.0,,
36,04412,120,6,2,9,1,1,370,314,3.0,,
36,02701,88,46,1,9,1,2,370,999,21.0,1.0,15000.0
36,03112,62,59,2,9,1,2,370,999,21.0,1.0,242300.0
36,04207,73,71,1,9,1,2,370,999,20.0,6.0,19100.0
36,04207,78,63,2,6,1,2,370,999,16.0,6.0,19100.0
36,04209,76,63,2,8,1,2,370,615,17.0,6.0,0.0
36,04412,84,58,1,6,1,2,370,999,21.0,1.0,80000.0
36,04412,90,58,2,6,1,2,370,999,16.0,1.0,175000.0
36,04412,65,32,2,6,1,2,370,999,22.0,1.0,85000.0
36,04412,60,24,1,6,1,2,370,999,20.0,1.0,20000.0
36,02002,78,68,1,8,1,2,370,999,15.0,1.0,75000.0
36,02002,76,62,2,8,1,2,370,999,10.0,2.0,15000.0
36,02002,72,33,2,8,1,1,370,999,16.0,1.0,40000.0
36,04413,42,62,1,9,1,2,370,999,17.0,1.0,68000.0
36,03205,65,68,1,9,1,2,903,370,21.0,1.0,116600.0
36,03205,97,61,2,9,1,2,903,370,15.0,1.0,30000.0
36,03205,91,33,1,9,1,2,903,370,16.0,1.0,40000.0
36,03205,125,9,2,2,1,1,903,370,6.0,,
36,04305,232,46,2,8,1,2,370,999,21.0,1.0,33000.0
36,04412,154,51,2,2,1,2,370,999,15.0,1.0,25000.0
36,04412,135,50,1,6,1,2,370,999,15.0,1.0,30000.0
36,04412,110,17,2,9,1,2,370,999,14.0,6.0,0.0
36,04412,99,15,1,9,1,2,370,999,11.0,,0.0
36,03205,148,65,2,2,1,2,370,999,19.0,6.0,6400.0
36,04409,93,66,2,8,1,2,370,999,12.0,6.0,4200.0
36,04409,54,46,2,8,1,2,370,999,8.0,1.0,30000.0
36,04409,94,15,2,8,1,2,370,999,11.0,,0.0
36,04414,239,31,1,8,1,2,370,999,18.0,1.0,48000.0
36,04414,205,31,2,8,1,2,370,999,16.0,6.0,0.0
36,04414,176,6,2,8,1,1,370,999,4.0,,
36,04414,230,4,1,8,1,1,370,999,2.0,,
36,04502,93,61,2,9,1,2,370,999,22.0,6.0,0.0
36,04502,77,66,1,9,1,2,370,999,20.0,6.0,67700.0
36,04305,242,80,1,9,1,2,370,999,15.0,1.0,21200.0
36,04317,115,69,2,9,1,2,370,999,22.0,6.0,26400.0
36,04317,176,30,1,9,1,1,370,999,16.0,6.0,0.0
36,04410,61,51,1,9,1,2,370,999,1.0,1.0,31200.0
36,04410,57,21,2,9,1,2,370,615,16.0,1.0,18200.0
36,04410,48,18,2,9,1,2,370,615,17.0,6.0,0.0
36,04410,47,15,1,9,1,2,370,615,13.0,,0.0
36,04410,58,13,2,9,1,2,370,615,11.0,,
36,04410,42,72,2,6,1,2,370,615,11.0,6.0,11800.0
36,01700,79,59,1,9,1,2,370,999,1.0,1.0,35000.0
36,03301,146,31,2,9,1,1,370,680,23.0,1.0,89000.0
36,03301,84,29,2,9,1,1,370,680,22.0,1.0,2000.0
36,03301,63,21,2,9,1,1,680,370,19.0,1.0,6000.0
36,03301,77,56,2,8,1,2,370,999,1.0,6.0,0.0
36,04409,60,70,1,9,1,2,730,370,14.0,6.0,37000.0
36,04409,44,68,2,9,1,2,730,370,14.0,6.0,16500.0
36,04403,159,59,2,8,1,2,370,999,16.0,2.0,50000.0
36,04403,136,24,2,8,1,1,370,999,18.0,1.0,20000.0
36,04410,21,25,2,9,1,2,370,999,16.0,1.0,30000.0
36,04317,477,49,1,9,1,2,370,999,15.0,6.0,10000.0
36,02002,45,35,2,2,1,1,370,599,20.0,1.0,44700.0
36,02002,46,33,2,2,1,1,370,999,20.0,1.0,34000.0
36,02002,55,5,2,2,1,1,370,308,1.0,,
36,04412,36,40,1,8,1,1,370,999,17.0,1.0,27000.0
36,04212,510,82,1,2,1,2,370,999,22.0,6.0,47800.0
36,04212,625,78,2,2,1,2,370,999,23.0,6.0,43600.0
36,04309,157,39,2,9,1,1,917,370,24.0,1.0,13300.0
36,04263,344,48,2,9,1,2,370,999,16.0,1.0,11500.0
36,04263,345,25,2,9,1,1,370,999,21.0,1.0,30800.0
36,04263,317,23,1,9,1,2,370,999,16.0,1.0,40000.0
36,04263,217,18,1,9,1,1,370,999,16.0,6.0,0.0
36,04410,96,38,2,6,1,2,370,999,16.0,1.0,111000.0
36,04410,71,16,1,6,1,1,370,999,13.0,6.0,0.0
36,04410,87,9,2,6,1,1,370,999,5.0,,
36,04410,77,61,1,6,1,2,370,999,16.0,6.0,1500.0
36,04305,153,47,2,8,1,2,370,999,16.0,1.0,62000.0
36,04305,165,56,1,8,1,2,370,999,16.0,1.0,70000.0
36,04305,142,21,1,8,1,2,370,999,16.0,1.0,36400.0
36,04305,171,14,2,8,1,2,370,999,12.0,,
36,02803,197,32,1,9,1,1,370,999,19.0,1.0,22000.0
36,02803,172,5,1,9,1,1,032,370,3.0,,
36,02803,178,4,2,9,1,1,032,370,2.0,,
36,02803,178,0,1,9,1,1,032,370,,,
36,04204,220,51,2,6,3,1,261,370,22.0,1.0,50000.0
36,04204,235,12,2,9,3,1,261,370,10.0,,
36,04412,31,70,2,2,1,2,370,999,15.0,6.0,20900.0
36,04412,40,60,2,2,1,2,370,999,22.0,1.0,68000.0
36,04412,64,25,1,2,1,2,370,999,16.0,6.0,0.0
36,04314,70,77,2,9,1,2,370,999,11.0,6.0,17000.0
36,04412,95,85,1,6,1,2,370,999,20.0,6.0,6000.0
36,04412,70,56,2,6,1,2,370,999,22.0,1.0,59000.0
36,04212,131,50,2,3,1,2,620,370,17.0,1.0,55000.0
36,04310,80,73,1,6,1,2,370,999,23.0,6.0,99300.0
36,04310,91,69,2,6,1,2,370,999,16.0,6.0,14600.0
36,04310,49,41,1,6,1,2,370,999,22.0,1.0,150400.0
36,04409,59,34,1,8,1,2,370,999,17.0,1.0,140000.0
36,04409,74,36,2,8,1,2,370,999,17.0,6.0,0.0
36,04410,187,53,2,8,1,2,370,999,13.0,1.0,32000.0
36,03313,60,59,2,9,1,2,370,999,17.0,6.0,15200.0
36,04403,51,54,1,6,1,2,370,999,16.0,1.0,52000.0
36,04212,81,71,1,8,1,2,370,999,17.0,6.0,1500.0
36,04212,74,69,2,8,1,2,370,999,14.0,6.0,10600.0
36,04310,310,58,2,9,1,2,370,999,16.0,1.0,26000.0
36,04317,36,78,2,9,1,2,370,999,21.0,6.0,43500.0
36,04317,32,49,2,2,1,1,370,999,23.0,1.0,36000.0
36,04317,40,11,2,2,1,1,370,999,8.0,,
36,01700,414,27,2,8,1,2,370,999,12.0,6.0,4000.0
36,01700,429,24,1,8,1,1,370,999,19.0,1.0,50000.0
36,01700,189,0,2,8,1,1,370,999,,,
36,02903,98,56,1,6,1,2,370,999,20.0,1.0,55000.0
36,03313,249,29,2,9,1,1,370,999,19.0,1.0,45000.0
36,04313,54,40,2,6,1,1,370,999,21.0,1.0,85000.0
36,04313,64,66,2,6,1,2,370,999,10.0,6.0,7200.0
36,04409,44,39,2,8,1,1,370,939,21.0,1.0,58000.0
36,04409,28,49,2,8,1,1,370,939,21.0,1.0,50000.0
36,04409,44,73,1,8,1,2,370,999,17.0,6.0,30600.0
36,04409,31,71,2,8,1,2,370,999,17.0,6.0,15700.0
36,04410,82,39,2,9,1,1,370,999,22.0,1.0,130010.0
36,04410,78,64,2,9,1,2,370,999,16.0,6.0,930.0
36,03203,55,55,1,8,1,2,370,999,16.0,6.0,5000.0
36,00906,28,34,1,6,1,1,370,999,19.0,1.0,125000.0
36,04413,76,35,2,9,1,2,370,999,16.0,1.0,56000.0
36,04413,66,37,1,8,1,2,370,999,16.0,1.0,76000.0
36,04413,54,19,2,8,1,2,370,999,16.0,6.0,0.0
36,04412,102,70,1,9,1,2,370,999,13.0,6.0,4600.0
36,04412,83,66,2,9,1,2,370,999,15.0,6.0,2500.0
36,04410,187,63,2,6,1,2,370,999,16.0,1.0,24000.0
36,04410,197,69,1,6,1,2,370,999,9.0,6.0,0.0
36,04410,138,44,1,6,1,2,370,999,16.0,6.0,0.0
36,04410,147,42,2,6,1,2,370,999,9.0,6.0,0.0
36,04410,139,37,1,6,1,2,370,999,9.0,1.0,22000.0
36,04410,144,1,2,6,1,1,370,999,,,
36,03206,316,38,2,9,1,1,370,999,21.0,1.0,60000.0
36,03206,480,33,1,9,1,1,370,999,20.0,1.0,70000.0
36,03206,374,8,2,9,1,1,370,999,5.0,,
36,03206,285,62,1,9,1,2,370,999,20.0,6.0,182000.0
36,03206,298,59,2,9,1,2,370,999,16.0,6.0,3000.0
36,04211,18,37,1,9,1,2,920,370,16.0,1.0,90000.0
37,05002,70,19,2,9,8,1,370,223,19.0,4.0,28000.0
37,05002,28,20,2,9,5,1,370,223,18.0,4.0,28000.0
37,03108,290,11,2,2,8,1,223,370,7.0,,
37,03108,112,63,1,2,1,2,903,370,19.0,6.0,32000.0
37,01301,607,24,2,9,1,1,370,999,22.0,1.0,22000.0
37,01802,118,6,1,9,1,1,370,914,3.0,,
37,01302,44,66,2,9,1,2,370,999,17.0,6.0,30600.0
37,01302,61,70,1,9,1,2,370,999,17.0,6.0,35600.0
37,03101,157,1,1,9,1,1,924,370,,,
37,03107,70,29,2,9,10,1,370,225,18.0,6.0,0.0
37,01302,135,31,1,2,1,2,308,370,21.0,1.0,53000.0
37,03106,227,50,1,9,1,2,370,999,19.0,1.0,40000.0
37,01101,217,32,2,9,1,1,329,370,21.0,1.0,100350.0
37,03107,44,68,2,9,1,2,370,999,23.0,6.0,32900.0
37,03107,47,69,1,9,1,2,370,999,23.0,6.0,119200.0
37,03900,43,30,1,2,1,2,370,999,19.0,4.0,60000.0
37,01206,118,52,1,9,1,2,370,939,19.0,1.0,75000.0
37,05003,63,59,1,9,1,2,370,999,18.0,3.0,18000.0
37,02500,31,33,2,9,1,1,902,370,19.0,6.0,0.0
37,03107,60,67,2,9,1,2,370,999,21.0,6.0,49340.0
38,00200,2,16,2,9,1,1,901,370,13.0,6.0,0.0
38,00200,2,15,2,9,1,1,901,370,12.0,,0.0
39,00708,52,71,2,2,1,2,370,999,22.0,3.0,21000.0
39,00708,63,22,1,2,1,1,370,999,16.0,3.0,5300.0
39,03407,112,43,1,9,1,1,360,370,21.0,1.0,35000.0
39,00302,45,68,2,2,1,1,308,370,21.0,1.0,39700.0
39,03703,126,52,1,9,1,1,314,370,22.0,4.0,87000.0
40,20804,228,26,1,9,1,2,370,999,14.0,1.0,28000.0
41,05114,191,53,2,9,1,2,011,370,21.0,1.0,2000.0
42,03223,18,20,2,9,1,1,370,999,19.0,6.0,0.0
42,01900,63,18,1,2,1,1,370,032,16.0,1.0,130.0
42,01900,79,18,1,2,1,1,370,032,19.0,1.0,60.0
42,03216,42,20,2,9,1,1,370,999,19.0,6.0,0.0
42,02301,141,56,1,9,1,2,249,370,14.0,6.0,16700.0
42,02301,203,51,2,9,1,2,249,370,1.0,6.0,0.0
42,02301,225,29,2,9,1,1,370,999,20.0,1.0,220.0
42,02301,623,25,1,9,1,1,370,999,16.0,1.0,31700.0
42,02301,225,23,2,9,1,1,370,999,16.0,1.0,3200.0
42,02301,225,21,2,9,1,1,370,999,16.0,1.0,7300.0
42,03114,110,68,1,9,1,2,370,999,22.0,3.0,190200.0
42,01512,106,57,2,6,1,2,615,370,21.0,6.0,0.0
42,00803,50,35,1,8,1,2,370,999,21.0,1.0,60000.0
42,00803,44,36,2,8,1,2,370,999,16.0,6.0,0.0
42,00803,51,8,1,8,1,2,370,999,6.0,,
42,00803,101,4,1,8,1,2,370,999,1.0,,
42,00500,172,53,1,2,1,2,370,999,21.0,1.0,100000.0
42,03603,174,29,1,9,1,1,370,999,21.0,1.0,52000.0
42,00600,222,33,1,6,1,1,370,999,21.0,1.0,122000.0
42,03014,560,46,1,8,1,2,370,999,20.0,1.0,150000.0
42,03603,100,45,1,9,1,2,370,615,21.0,1.0,120000.0
42,03216,185,35,2,2,1,2,370,999,21.0,1.0,65000.0
42,03216,417,4,1,2,1,1,370,903,2.0,,
42,00600,292,38,1,9,21,1,239,370,20.0,1.0,9100.0
42,03312,613,39,2,8,1,2,370,999,16.0,1.0,43900.0
42,02803,193,30,1,2,1,1,308,370,15.0,1.0,11400.0
42,03227,759,38,2,9,1,1,370,999,24.0,1.0,97800.0
42,03230,167,29,1,9,1,2,370,999,23.0,1.0,65000.0
42,00702,110,33,1,8,1,1,370,999,18.0,1.0,17000.0
42,03117,207,41,1,2,1,1,370,999,22.0,1.0,215000.0
45,01501,212,46,1,2,1,1,370,999,21.0,1.0,10700.0
45,02001,405,28,1,1,1,1,924,370,18.0,4.0,28000.0
45,00302,135,70,1,6,1,2,370,335,17.0,1.0,51800.0
45,00302,84,60,2,6,1,2,370,335,17.0,1.0,63000.0
45,00302,43,34,2,6,1,2,370,335,20.0,1.0,23000.0
45,00302,83,39,1,6,1,2,370,335,21.0,1.0,48000.0
45,00402,94,33,1,9,1,1,370,902,19.0,1.0,75000.0
45,00402,58,7,2,9,1,1,902,370,5.0,,
45,00402,145,3,2,9,1,1,902,370,2.0,,
45,01700,55,47,1,2,1,2,370,999,18.0,1.0,184500.0
45,00303,341,28,1,8,1,1,370,999,21.0,1.0,48200.0
45,01402,76,32,1,9,1,1,370,999,17.0,1.0,21600.0
47,03401,70,22,1,6,1,1,370,999,19.0,1.0,15000.0
47,03401,60,22,1,6,1,1,370,999,19.0,1.0,15000.0
47,01501,98,27,2,9,1,1,370,999,21.0,1.0,45900.0
47,03403,54,22,1,6,1,1,370,999,19.0,1.0,15000.0
47,03403,48,22,1,6,1,1,370,999,19.0,1.0,15000.0
47,02401,45,19,1,2,1,1,308,370,18.0,6.0,8000.0
47,02501,57,33,1,2,1,1,335,370,23.0,1.0,10000.0
48,03802,27,64,1,6,1,2,615,370,20.0,6.0,52000.0
48,04624,371,31,1,6,1,1,370,314,21.0,1.0,90000.0
48,04624,384,2,2,6,1,1,370,314,,,
48,04606,369,27,2,2,3,1,261,370,20.0,1.0,47500.0
48,02509,192,55,2,6,1,2,370,615,18.0,1.0,50000.0
48,07401,58,62,2,8,1,2,370,999,21.0,6.0,6500.0
48,01400,61,17,1,9,1,1,370,902,14.0,3.0,6600.0
48,04502,32,46,2,8,1,1,370,999,18.0,1.0,73000.0
48,04904,58,30,1,9,5,1,275,370,21.0,1.0,203000.0
48,04626,81,44,2,2,1,2,370,999,24.0,1.0,104500.0
48,04626,60,72,2,2,1,2,370,999,21.0,6.0,7500.0
48,04802,242,40,1,2,1,2,370,999,18.0,1.0,50000.0
48,01100,36,48,2,2,1,2,335,370,18.0,1.0,253000.0
48,03501,74,40,2,2,1,2,370,999,20.0,1.0,42800.0
48,03501,75,45,1,2,1,2,370,999,16.0,1.0,108000.0
48,03501,66,65,2,2,1,2,370,999,21.0,1.0,50000.0
48,04630,62,54,1,6,1,2,370,999,1.0,1.0,55000.0
48,03307,90,14,2,9,1,1,032,370,11.0,,
48,03307,90,12,2,9,1,1,032,370,9.0,,
48,03307,96,4,1,9,1,1,032,370,2.0,,
48,04626,294,18,1,2,1,1,620,370,18.0,1.0,3000.0
48,04631,72,42,1,9,1,2,730,370,19.0,1.0,147000.0
48,02506,246,35,1,9,1,2,370,999,21.0,1.0,85000.0
48,05910,69,35,1,9,1,1,370,999,22.0,4.0,185000.0
48,02320,57,92,1,9,1,2,615,370,18.0,6.0,8700.0
48,05914,76,35,1,8,1,2,370,999,18.0,1.0,65000.0
48,01100,85,63,2,2,1,2,370,999,19.0,1.0,62000.0
48,02319,58,50,1,9,1,2,325,370,21.0,1.0,200000.0
48,02513,159,22,1,2,1,1,370,335,21.0,3.0,18000.0
48,02513,159,20,1,2,1,1,370,335,19.0,6.0,0.0
48,02513,133,13,1,2,1,1,370,335,11.0,,
48,02513,133,11,1,2,1,1,370,335,9.0,,
48,02513,134,9,1,2,1,1,370,335,7.0,,
48,04626,71,64,1,8,1,2,370,999,19.0,1.0,75000.0
48,04626,78,57,2,9,1,2,370,999,16.0,1.0,25000.0
51,08702,66,73,1,9,1,2,370,999,21.0,6.0,69300.0
51,08702,85,72,2,9,1,2,370,999,17.0,6.0,29800.0
51,04101,406,44,1,2,1,2,370,999,20.0,1.0,142000.0
51,04101,250,76,1,2,1,2,370,999,1.0,1.0,6000.0
51,04101,246,73,2,2,1,2,370,999,1.0,6.0,4100.0
51,01302,286,37,2,9,1,1,370,999,18.0,1.0,20800.0
51,01302,228,41,2,9,1,1,370,999,19.0,1.0,76000.0
51,08701,230,56,2,2,1,2,370,999,19.0,1.0,40000.0
51,08701,242,15,1,9,1,1,620,370,11.0,,0.0
51,54001,100,41,1,9,1,1,370,111,23.0,1.0,122000.0
51,70000,50,59,2,2,1,2,308,370,22.0,6.0,10000.0
51,14900,211,38,1,9,1,2,370,999,19.0,4.0,60000.0
51,04102,297,33,1,9,1,1,370,308,20.0,1.0,40000.0
51,04102,350,2,1,9,1,1,370,308,,,
51,01302,163,68,1,9,1,2,370,999,16.0,1.0,113700.0
51,01302,82,31,2,9,3,1,370,261,21.0,1.0,56000.0
51,15301,108,76,1,2,1,2,370,999,19.0,6.0,48350.0
51,15301,125,71,2,2,1,2,370,999,21.0,1.0,91970.0
51,60001,125,44,2,2,1,2,370,999,23.0,1.0,132000.0
51,61001,56,50,1,8,1,2,370,999,22.0,1.0,706000.0
51,80000,174,29,1,2,1,1,370,330,18.0,4.0,35000.0
51,81002,44,49,2,9,1,2,370,999,22.0,1.0,110000.0
51,17900,108,48,2,8,1,2,615,370,20.0,1.0,45000.0
53,23311,111,60,2,2,1,2,370,999,1.0,6.0,0.0
53,23311,216,21,2,2,1,1,370,999,19.0,1.0,38000.0
54,00800,90,12,2,9,1,1,370,050,8.0,,
